2026-04-03 08:48:33 [FTL] AquaERP API failed to start. { Application: "AquaERP.Api" }
System.Reflection.TargetInvocationException: Exception has been thrown by the target of an invocation.
 ---> System.TypeLoadException: Could not load type 'Microsoft.OpenApi.Models.OpenApiDocument' from assembly 'Microsoft.OpenApi, Version=2.0.0.0, Culture=neutral, PublicKeyToken=3f5743946376f042'.
   at Swashbuckle.AspNetCore.Swagger.SwaggerOptions..ctor()
   at Swashbuckle.AspNetCore.Swagger.SwaggerOptions..ctor()
   at System.RuntimeType.CreateInstanceOfT()
   --- End of inner exception stack trace ---
   at System.RuntimeType.CreateInstanceOfT()
   at System.Activator.CreateInstance[T]()
   at Microsoft.Extensions.Options.OptionsFactory`1.Create(String name)
   at System.Lazy`1.ViaFactory(LazyThreadSafetyMode mode)
   at System.Lazy`1.ExecutionAndPublication(LazyHelper executionAndPublication, Boolean useDefaultConstructor)
   at System.Lazy`1.CreateValue()
   at Microsoft.Extensions.Options.OptionsManager`1.Get(String name)
   at Microsoft.AspNetCore.Builder.SwaggerBuilderExtensions.UseSwagger(IApplicationBuilder app, Action`1 setupAction)
   at Program.<Main>$(String[] args) in D:\Projects\WaterCanManagement\shop_claude_backend\Shop.Web.API\Shop.Web.API\Program.cs:line 113
2026-04-03 08:56:19 [INF] AquaERP API starting up on Development { Application: "AquaERP.Api" }
2026-04-03 08:56:19 [INF] User profile is available. Using 'C:\Users\Selvaraj\AppData\Local\ASP.NET\DataProtection-Keys' as key repository and Windows DPAPI to encrypt keys at rest. { EventId: { Id: 63, Name: "UsingProfileAsKeyRepositoryWithDPAPI" }, SourceContext: "Microsoft.AspNetCore.DataProtection.KeyManagement.XmlKeyManager", Application: "AquaERP.Api" }
2026-04-03 08:56:19 [INF] Creating key {03c69889-8505-456a-bf26-c8d3501837e1} with creation date 2026-04-03 03:26:19Z, activation date 2026-04-03 03:26:19Z, and expiration date 2026-07-02 03:26:19Z. { EventId: { Id: 58, Name: "CreatingKey" }, SourceContext: "Microsoft.AspNetCore.DataProtection.KeyManagement.XmlKeyManager", Application: "AquaERP.Api" }
2026-04-03 08:56:19 [INF] Writing data to file 'C:\Users\Selvaraj\AppData\Local\ASP.NET\DataProtection-Keys\key-03c69889-8505-456a-bf26-c8d3501837e1.xml'. { EventId: { Id: 39, Name: "WritingDataToFile" }, SourceContext: "Microsoft.AspNetCore.DataProtection.Repositories.FileSystemXmlRepository", Application: "AquaERP.Api" }
2026-04-03 08:56:20 [INF] Now listening on: https://localhost:7031 { EventId: { Id: 14, Name: "ListeningOnAddress" }, SourceContext: "Microsoft.Hosting.Lifetime", Application: "AquaERP.Api" }
2026-04-03 08:56:20 [INF] Now listening on: http://localhost:5073 { EventId: { Id: 14, Name: "ListeningOnAddress" }, SourceContext: "Microsoft.Hosting.Lifetime", Application: "AquaERP.Api" }
2026-04-03 08:56:20 [INF] Application started. Press Ctrl+C to shut down. { SourceContext: "Microsoft.Hosting.Lifetime", Application: "AquaERP.Api" }
2026-04-03 08:56:20 [INF] Hosting environment: Development { SourceContext: "Microsoft.Hosting.Lifetime", Application: "AquaERP.Api" }
2026-04-03 08:56:20 [INF] Content root path: D:\Projects\WaterCanManagement\shop_claude_backend\Shop.Web.API\Shop.Web.API { SourceContext: "Microsoft.Hosting.Lifetime", Application: "AquaERP.Api" }
2026-04-03 08:56:39 [INF] Request starting HTTP/2 GET https://localhost:7031/ - null null { EventId: { Id: 1 }, SourceContext: "Microsoft.AspNetCore.Hosting.Diagnostics", RequestId: "0HNKH638KSOFM:00000001", RequestPath: "/", ConnectionId: "0HNKH638KSOFM", Application: "AquaERP.Api" }
2026-04-03 08:56:43 [INF] GET / → 404 in 3740ms | IP: ::1 { SourceContext: "Shop.Web.API.Middleware.RequestLoggingMiddleware", RequestId: "0HNKH638KSOFM:00000001", RequestPath: "/", ConnectionId: "0HNKH638KSOFM", Application: "AquaERP.Api" }
2026-04-03 08:56:43 [INF] Request finished HTTP/2 GET https://localhost:7031/ - 404 null null 4170.6055ms { EventId: { Id: 2 }, SourceContext: "Microsoft.AspNetCore.Hosting.Diagnostics", RequestId: "0HNKH638KSOFM:00000001", RequestPath: "/", ConnectionId: "0HNKH638KSOFM", Application: "AquaERP.Api" }
2026-04-03 08:56:43 [INF] Request reached the end of the middleware pipeline without being handled by application code. Request path: GET https://localhost:7031/, Response status code: 404 { EventId: { Id: 16 }, SourceContext: "Microsoft.AspNetCore.Hosting.Diagnostics", RequestId: "0HNKH638KSOFM:00000001", RequestPath: "/", ConnectionId: "0HNKH638KSOFM", Application: "AquaERP.Api" }
2026-04-03 08:56:46 [INF] Request starting HTTP/1.1 GET http://localhost:5073/ - null null { EventId: { Id: 1 }, SourceContext: "Microsoft.AspNetCore.Hosting.Diagnostics", RequestId: "0HNKH638KSOFN:00000001", RequestPath: "/", ConnectionId: "0HNKH638KSOFN", Application: "AquaERP.Api" }
2026-04-03 08:56:46 [INF] GET / → 307 in 3ms | IP: ::1 { SourceContext: "Shop.Web.API.Middleware.RequestLoggingMiddleware", RequestId: "0HNKH638KSOFN:00000001", RequestPath: "/", ConnectionId: "0HNKH638KSOFN", Application: "AquaERP.Api" }
2026-04-03 08:56:46 [INF] Request finished HTTP/1.1 GET http://localhost:5073/ - 307 null null 24.0192ms { EventId: { Id: 2 }, SourceContext: "Microsoft.AspNetCore.Hosting.Diagnostics", RequestId: "0HNKH638KSOFN:00000001", RequestPath: "/", ConnectionId: "0HNKH638KSOFN", Application: "AquaERP.Api" }
2026-04-03 08:56:46 [INF] Request starting HTTP/2 GET https://localhost:7031/ - null null { EventId: { Id: 1 }, SourceContext: "Microsoft.AspNetCore.Hosting.Diagnostics", RequestId: "0HNKH638KSOFM:00000003", RequestPath: "/", ConnectionId: "0HNKH638KSOFM", Application: "AquaERP.Api" }
2026-04-03 08:56:46 [INF] GET / → 404 in 1ms | IP: ::1 { SourceContext: "Shop.Web.API.Middleware.RequestLoggingMiddleware", RequestId: "0HNKH638KSOFM:00000003", RequestPath: "/", ConnectionId: "0HNKH638KSOFM", Application: "AquaERP.Api" }
2026-04-03 08:56:46 [INF] Request finished HTTP/2 GET https://localhost:7031/ - 404 null null 29.7147ms { EventId: { Id: 2 }, SourceContext: "Microsoft.AspNetCore.Hosting.Diagnostics", RequestId: "0HNKH638KSOFM:00000003", RequestPath: "/", ConnectionId: "0HNKH638KSOFM", Application: "AquaERP.Api" }
2026-04-03 08:56:46 [INF] Request reached the end of the middleware pipeline without being handled by application code. Request path: GET https://localhost:7031/, Response status code: 404 { EventId: { Id: 16 }, SourceContext: "Microsoft.AspNetCore.Hosting.Diagnostics", RequestId: "0HNKH638KSOFM:00000003", RequestPath: "/", ConnectionId: "0HNKH638KSOFM", Application: "AquaERP.Api" }
2026-04-03 08:58:26 [INF] Request starting HTTP/2 GET https://localhost:7031/scalar/v1 - null null { EventId: { Id: 1 }, SourceContext: "Microsoft.AspNetCore.Hosting.Diagnostics", RequestId: "0HNKH638KSOFM:00000005", RequestPath: "/scalar/v1", ConnectionId: "0HNKH638KSOFM", Application: "AquaERP.Api" }
2026-04-03 08:58:26 [INF] Executing endpoint 'HTTP: GET /scalar/{documentName?}' { EventId: { Name: "ExecutingEndpoint" }, SourceContext: "Microsoft.AspNetCore.Routing.EndpointMiddleware", RequestId: "0HNKH638KSOFM:00000005", RequestPath: "/scalar/v1", ConnectionId: "0HNKH638KSOFM", Application: "AquaERP.Api" }
2026-04-03 08:58:27 [INF] Write content with HTTP Response ContentType of text/html { EventId: { Id: 2, Name: "WritingResultAsContent" }, SourceContext: "Microsoft.AspNetCore.Http.Result.ContentResult", RequestId: "0HNKH638KSOFM:00000005", RequestPath: "/scalar/v1", ConnectionId: "0HNKH638KSOFM", Application: "AquaERP.Api" }
2026-04-03 08:58:27 [INF] Executed endpoint 'HTTP: GET /scalar/{documentName?}' { EventId: { Id: 1, Name: "ExecutedEndpoint" }, SourceContext: "Microsoft.AspNetCore.Routing.EndpointMiddleware", RequestId: "0HNKH638KSOFM:00000005", RequestPath: "/scalar/v1", ConnectionId: "0HNKH638KSOFM", Application: "AquaERP.Api" }
2026-04-03 08:58:27 [INF] GET /scalar/v1 → 200 in 654ms | IP: ::1 { SourceContext: "Shop.Web.API.Middleware.RequestLoggingMiddleware", RequestId: "0HNKH638KSOFM:00000005", RequestPath: "/scalar/v1", ConnectionId: "0HNKH638KSOFM", Application: "AquaERP.Api" }
2026-04-03 08:58:27 [INF] Request starting HTTP/2 GET https://localhost:7031/scalar/scalar.aspnetcore.js - null null { EventId: { Id: 1 }, SourceContext: "Microsoft.AspNetCore.Hosting.Diagnostics", RequestId: "0HNKH638KSOFM:00000009", RequestPath: "/scalar/scalar.aspnetcore.js", ConnectionId: "0HNKH638KSOFM", Application: "AquaERP.Api" }
2026-04-03 08:58:27 [INF] Request starting HTTP/2 GET https://localhost:7031/scalar/scalar.js - null null { EventId: { Id: 1 }, SourceContext: "Microsoft.AspNetCore.Hosting.Diagnostics", RequestId: "0HNKH638KSOFM:00000007", RequestPath: "/scalar/scalar.js", ConnectionId: "0HNKH638KSOFM", Application: "AquaERP.Api" }
2026-04-03 08:58:27 [INF] Request starting HTTP/2 GET https://localhost:7031/_framework/aspnetcore-browser-refresh.js - null null { EventId: { Id: 1 }, SourceContext: "Microsoft.AspNetCore.Hosting.Diagnostics", RequestId: "0HNKH638KSOFM:0000000B", RequestPath: "/_framework/aspnetcore-browser-refresh.js", ConnectionId: "0HNKH638KSOFM", Application: "AquaERP.Api" }
2026-04-03 08:58:27 [INF] Request finished HTTP/2 GET https://localhost:7031/scalar/v1 - 200 null text/html 705.2507ms { EventId: { Id: 2 }, SourceContext: "Microsoft.AspNetCore.Hosting.Diagnostics", RequestId: "0HNKH638KSOFM:00000005", RequestPath: "/scalar/v1", ConnectionId: "0HNKH638KSOFM", Application: "AquaERP.Api" }
2026-04-03 08:58:27 [INF] Executing endpoint 'HTTP: GET /scalar/scalar.js' { EventId: { Name: "ExecutingEndpoint" }, SourceContext: "Microsoft.AspNetCore.Routing.EndpointMiddleware", RequestId: "0HNKH638KSOFM:00000007", RequestPath: "/scalar/scalar.js", ConnectionId: "0HNKH638KSOFM", Application: "AquaERP.Api" }
2026-04-03 08:58:27 [INF] CORS policy execution failed. { EventId: { Id: 5, Name: "PolicyFailure" }, SourceContext: "Microsoft.AspNetCore.Cors.Infrastructure.CorsService", RequestId: "0HNKH638KSOFM:00000009", RequestPath: "/scalar/scalar.aspnetcore.js", ConnectionId: "0HNKH638KSOFM", Application: "AquaERP.Api" }
2026-04-03 08:58:27 [INF] Request origin https://localhost:7031 does not have permission to access the resource. { EventId: { Id: 6, Name: "OriginNotAllowed" }, SourceContext: "Microsoft.AspNetCore.Cors.Infrastructure.CorsService", RequestId: "0HNKH638KSOFM:00000009", RequestPath: "/scalar/scalar.aspnetcore.js", ConnectionId: "0HNKH638KSOFM", Application: "AquaERP.Api" }
2026-04-03 08:58:27 [INF] Executing endpoint 'HTTP: GET /scalar/scalar.aspnetcore.js' { EventId: { Name: "ExecutingEndpoint" }, SourceContext: "Microsoft.AspNetCore.Routing.EndpointMiddleware", RequestId: "0HNKH638KSOFM:00000009", RequestPath: "/scalar/scalar.aspnetcore.js", ConnectionId: "0HNKH638KSOFM", Application: "AquaERP.Api" }
2026-04-03 08:58:27 [INF] Request finished HTTP/2 GET https://localhost:7031/_framework/aspnetcore-browser-refresh.js - 200 14929 application/javascript; charset=utf-8 242.3427ms { EventId: { Id: 2 }, SourceContext: "Microsoft.AspNetCore.Hosting.Diagnostics", RequestId: "0HNKH638KSOFM:0000000B", RequestPath: "/_framework/aspnetcore-browser-refresh.js", ConnectionId: "0HNKH638KSOFM", Application: "AquaERP.Api" }
2026-04-03 08:58:27 [INF] Request starting HTTP/2 GET https://localhost:7031/_vs/browserLink - null null { EventId: { Id: 1 }, SourceContext: "Microsoft.AspNetCore.Hosting.Diagnostics", RequestId: "0HNKH638KSOFM:0000000D", RequestPath: "/_vs/browserLink", ConnectionId: "0HNKH638KSOFM", Application: "AquaERP.Api" }
2026-04-03 08:58:27 [INF] Sending file with download name ''. { EventId: { Id: 5, Name: "WritingResultAsFileWithNoFileName" }, SourceContext: "Microsoft.AspNetCore.Http.Result.FileStreamResult", RequestId: "0HNKH638KSOFM:00000007", RequestPath: "/scalar/scalar.js", ConnectionId: "0HNKH638KSOFM", Application: "AquaERP.Api" }
2026-04-03 08:58:27 [INF] Sending file with download name ''. { EventId: { Id: 5, Name: "WritingResultAsFileWithNoFileName" }, SourceContext: "Microsoft.AspNetCore.Http.Result.FileStreamResult", RequestId: "0HNKH638KSOFM:00000009", RequestPath: "/scalar/scalar.aspnetcore.js", ConnectionId: "0HNKH638KSOFM", Application: "AquaERP.Api" }
2026-04-03 08:58:27 [INF] Executed endpoint 'HTTP: GET /scalar/scalar.aspnetcore.js' { EventId: { Id: 1, Name: "ExecutedEndpoint" }, SourceContext: "Microsoft.AspNetCore.Routing.EndpointMiddleware", RequestId: "0HNKH638KSOFM:00000009", RequestPath: "/scalar/scalar.aspnetcore.js", ConnectionId: "0HNKH638KSOFM", Application: "AquaERP.Api" }
2026-04-03 08:58:27 [INF] GET /scalar/scalar.aspnetcore.js → 200 in 237ms | IP: ::1 { SourceContext: "Shop.Web.API.Middleware.RequestLoggingMiddleware", RequestId: "0HNKH638KSOFM:00000009", RequestPath: "/scalar/scalar.aspnetcore.js", ConnectionId: "0HNKH638KSOFM", Application: "AquaERP.Api" }
2026-04-03 08:58:27 [INF] Request finished HTTP/2 GET https://localhost:7031/scalar/scalar.aspnetcore.js - 200 1111 text/javascript 327.6105ms { EventId: { Id: 2 }, SourceContext: "Microsoft.AspNetCore.Hosting.Diagnostics", RequestId: "0HNKH638KSOFM:00000009", RequestPath: "/scalar/scalar.aspnetcore.js", ConnectionId: "0HNKH638KSOFM", Application: "AquaERP.Api" }
2026-04-03 08:58:27 [INF] Executed endpoint 'HTTP: GET /scalar/scalar.js' { EventId: { Id: 1, Name: "ExecutedEndpoint" }, SourceContext: "Microsoft.AspNetCore.Routing.EndpointMiddleware", RequestId: "0HNKH638KSOFM:00000007", RequestPath: "/scalar/scalar.js", ConnectionId: "0HNKH638KSOFM", Application: "AquaERP.Api" }
2026-04-03 08:58:27 [INF] GET /scalar/scalar.js → 200 in 305ms | IP: ::1 { SourceContext: "Shop.Web.API.Middleware.RequestLoggingMiddleware", RequestId: "0HNKH638KSOFM:00000007", RequestPath: "/scalar/scalar.js", ConnectionId: "0HNKH638KSOFM", Application: "AquaERP.Api" }
2026-04-03 08:58:27 [INF] Request finished HTTP/2 GET https://localhost:7031/scalar/scalar.js - 200 1107503 text/javascript 374.9508ms { EventId: { Id: 2 }, SourceContext: "Microsoft.AspNetCore.Hosting.Diagnostics", RequestId: "0HNKH638KSOFM:00000007", RequestPath: "/scalar/scalar.js", ConnectionId: "0HNKH638KSOFM", Application: "AquaERP.Api" }
2026-04-03 08:58:27 [INF] Request finished HTTP/2 GET https://localhost:7031/_vs/browserLink - 200 null text/javascript; charset=UTF-8 206.4869ms { EventId: { Id: 2 }, SourceContext: "Microsoft.AspNetCore.Hosting.Diagnostics", RequestId: "0HNKH638KSOFM:0000000D", RequestPath: "/_vs/browserLink", ConnectionId: "0HNKH638KSOFM", Application: "AquaERP.Api" }
2026-04-03 08:58:28 [INF] Request starting HTTP/2 GET https://localhost:7031/openapi/v1.json - null null { EventId: { Id: 1 }, SourceContext: "Microsoft.AspNetCore.Hosting.Diagnostics", RequestId: "0HNKH638KSOFM:0000000F", RequestPath: "/openapi/v1.json", ConnectionId: "0HNKH638KSOFM", Application: "AquaERP.Api" }
2026-04-03 08:58:28 [INF] Executing endpoint 'HTTP: GET /openapi/{documentName}.json' { EventId: { Name: "ExecutingEndpoint" }, SourceContext: "Microsoft.AspNetCore.Routing.EndpointMiddleware", RequestId: "0HNKH638KSOFM:0000000F", RequestPath: "/openapi/v1.json", ConnectionId: "0HNKH638KSOFM", Application: "AquaERP.Api" }
2026-04-03 08:58:28 [INF] Executed endpoint 'HTTP: GET /openapi/{documentName}.json' { EventId: { Id: 1, Name: "ExecutedEndpoint" }, SourceContext: "Microsoft.AspNetCore.Routing.EndpointMiddleware", RequestId: "0HNKH638KSOFM:0000000F", RequestPath: "/openapi/v1.json", ConnectionId: "0HNKH638KSOFM", Application: "AquaERP.Api" }
2026-04-03 08:58:28 [INF] GET /openapi/v1.json → 200 in 60ms | IP: ::1 { SourceContext: "Shop.Web.API.Middleware.RequestLoggingMiddleware", RequestId: "0HNKH638KSOFM:0000000F", RequestPath: "/openapi/v1.json", ConnectionId: "0HNKH638KSOFM", Application: "AquaERP.Api" }
2026-04-03 08:58:28 [INF] Request finished HTTP/2 GET https://localhost:7031/openapi/v1.json - 200 null application/json;charset=utf-8 88.0033ms { EventId: { Id: 2 }, SourceContext: "Microsoft.AspNetCore.Hosting.Diagnostics", RequestId: "0HNKH638KSOFM:0000000F", RequestPath: "/openapi/v1.json", ConnectionId: "0HNKH638KSOFM", Application: "AquaERP.Api" }
2026-04-03 08:58:31 [INF] Request starting HTTP/2 GET https://localhost:7031/scalar/favicon.svg - null null { EventId: { Id: 1 }, SourceContext: "Microsoft.AspNetCore.Hosting.Diagnostics", RequestId: "0HNKH638KSOFM:00000011", RequestPath: "/scalar/favicon.svg", ConnectionId: "0HNKH638KSOFM", Application: "AquaERP.Api" }
2026-04-03 08:58:31 [INF] Executing endpoint 'HTTP: GET /scalar/favicon.svg' { EventId: { Name: "ExecutingEndpoint" }, SourceContext: "Microsoft.AspNetCore.Routing.EndpointMiddleware", RequestId: "0HNKH638KSOFM:00000011", RequestPath: "/scalar/favicon.svg", ConnectionId: "0HNKH638KSOFM", Application: "AquaERP.Api" }
2026-04-03 08:58:31 [INF] Sending file with download name ''. { EventId: { Id: 5, Name: "WritingResultAsFileWithNoFileName" }, SourceContext: "Microsoft.AspNetCore.Http.Result.FileStreamResult", RequestId: "0HNKH638KSOFM:00000011", RequestPath: "/scalar/favicon.svg", ConnectionId: "0HNKH638KSOFM", Application: "AquaERP.Api" }
2026-04-03 08:58:31 [INF] Executed endpoint 'HTTP: GET /scalar/favicon.svg' { EventId: { Id: 1, Name: "ExecutedEndpoint" }, SourceContext: "Microsoft.AspNetCore.Routing.EndpointMiddleware", RequestId: "0HNKH638KSOFM:00000011", RequestPath: "/scalar/favicon.svg", ConnectionId: "0HNKH638KSOFM", Application: "AquaERP.Api" }
2026-04-03 08:58:31 [INF] GET /scalar/favicon.svg → 200 in 10ms | IP: ::1 { SourceContext: "Shop.Web.API.Middleware.RequestLoggingMiddleware", RequestId: "0HNKH638KSOFM:00000011", RequestPath: "/scalar/favicon.svg", ConnectionId: "0HNKH638KSOFM", Application: "AquaERP.Api" }
2026-04-03 08:58:31 [INF] Request finished HTTP/2 GET https://localhost:7031/scalar/favicon.svg - 200 533 image/svg+xml 23.9765ms { EventId: { Id: 2 }, SourceContext: "Microsoft.AspNetCore.Hosting.Diagnostics", RequestId: "0HNKH638KSOFM:00000011", RequestPath: "/scalar/favicon.svg", ConnectionId: "0HNKH638KSOFM", Application: "AquaERP.Api" }
2026-04-03 08:59:00 [INF] Request starting HTTP/2 GET https://localhost:7031/api/auth/me - null null { EventId: { Id: 1 }, SourceContext: "Microsoft.AspNetCore.Hosting.Diagnostics", RequestId: "0HNKH638KSOFM:00000013", RequestPath: "/api/auth/me", ConnectionId: "0HNKH638KSOFM", Application: "AquaERP.Api" }
2026-04-03 08:59:00 [INF] Authorization failed. These requirements were not met:
DenyAnonymousAuthorizationRequirement: Requires an authenticated user. { EventId: { Id: 2, Name: "UserAuthorizationFailed" }, SourceContext: "Microsoft.AspNetCore.Authorization.DefaultAuthorizationService", RequestId: "0HNKH638KSOFM:00000013", RequestPath: "/api/auth/me", ConnectionId: "0HNKH638KSOFM", Application: "AquaERP.Api" }
2026-04-03 08:59:00 [INF] AuthenticationScheme: Bearer was challenged. { EventId: { Id: 12, Name: "AuthenticationSchemeChallenged" }, SourceContext: "Microsoft.AspNetCore.Authentication.JwtBearer.JwtBearerHandler", RequestId: "0HNKH638KSOFM:00000013", RequestPath: "/api/auth/me", ConnectionId: "0HNKH638KSOFM", Application: "AquaERP.Api" }
2026-04-03 08:59:00 [INF] GET /api/auth/me → 401 in 46ms | IP: ::1 { SourceContext: "Shop.Web.API.Middleware.RequestLoggingMiddleware", RequestId: "0HNKH638KSOFM:00000013", RequestPath: "/api/auth/me", ConnectionId: "0HNKH638KSOFM", Application: "AquaERP.Api" }
2026-04-03 08:59:00 [INF] Request finished HTTP/2 GET https://localhost:7031/api/auth/me - 401 null application/json 74.398ms { EventId: { Id: 2 }, SourceContext: "Microsoft.AspNetCore.Hosting.Diagnostics", RequestId: "0HNKH638KSOFM:00000013", RequestPath: "/api/auth/me", ConnectionId: "0HNKH638KSOFM", Application: "AquaERP.Api" }
2026-04-03 08:59:00 [INF] Request starting HTTP/2 GET https://localhost:7031/favicon.ico - null null { EventId: { Id: 1 }, SourceContext: "Microsoft.AspNetCore.Hosting.Diagnostics", RequestId: "0HNKH638KSOFM:00000015", RequestPath: "/favicon.ico", ConnectionId: "0HNKH638KSOFM", Application: "AquaERP.Api" }
2026-04-03 08:59:00 [INF] GET /favicon.ico → 404 in 0ms | IP: ::1 { SourceContext: "Shop.Web.API.Middleware.RequestLoggingMiddleware", RequestId: "0HNKH638KSOFM:00000015", RequestPath: "/favicon.ico", ConnectionId: "0HNKH638KSOFM", Application: "AquaERP.Api" }
2026-04-03 08:59:00 [INF] Request finished HTTP/2 GET https://localhost:7031/favicon.ico - 404 0 null 17.0996ms { EventId: { Id: 2 }, SourceContext: "Microsoft.AspNetCore.Hosting.Diagnostics", RequestId: "0HNKH638KSOFM:00000015", RequestPath: "/favicon.ico", ConnectionId: "0HNKH638KSOFM", Application: "AquaERP.Api" }
2026-04-03 08:59:00 [INF] Request reached the end of the middleware pipeline without being handled by application code. Request path: GET https://localhost:7031/favicon.ico, Response status code: 404 { EventId: { Id: 16 }, SourceContext: "Microsoft.AspNetCore.Hosting.Diagnostics", RequestId: "0HNKH638KSOFM:00000015", RequestPath: "/favicon.ico", ConnectionId: "0HNKH638KSOFM", Application: "AquaERP.Api" }
2026-04-03 08:59:07 [INF] Request starting HTTP/2 GET https://localhost:7031/api/auth - null null { EventId: { Id: 1 }, SourceContext: "Microsoft.AspNetCore.Hosting.Diagnostics", RequestId: "0HNKH638KSOFM:00000017", RequestPath: "/api/auth", ConnectionId: "0HNKH638KSOFM", Application: "AquaERP.Api" }
2026-04-03 08:59:07 [INF] GET /api/auth → 404 in 0ms | IP: ::1 { SourceContext: "Shop.Web.API.Middleware.RequestLoggingMiddleware", RequestId: "0HNKH638KSOFM:00000017", RequestPath: "/api/auth", ConnectionId: "0HNKH638KSOFM", Application: "AquaERP.Api" }
2026-04-03 08:59:07 [INF] Request finished HTTP/2 GET https://localhost:7031/api/auth - 404 null null 27.0172ms { EventId: { Id: 2 }, SourceContext: "Microsoft.AspNetCore.Hosting.Diagnostics", RequestId: "0HNKH638KSOFM:00000017", RequestPath: "/api/auth", ConnectionId: "0HNKH638KSOFM", Application: "AquaERP.Api" }
2026-04-03 08:59:07 [INF] Request reached the end of the middleware pipeline without being handled by application code. Request path: GET https://localhost:7031/api/auth, Response status code: 404 { EventId: { Id: 16 }, SourceContext: "Microsoft.AspNetCore.Hosting.Diagnostics", RequestId: "0HNKH638KSOFM:00000017", RequestPath: "/api/auth", ConnectionId: "0HNKH638KSOFM", Application: "AquaERP.Api" }
2026-04-03 08:59:15 [INF] Request starting HTTP/2 GET https://localhost:7031/api/auth/me - null null { EventId: { Id: 1 }, SourceContext: "Microsoft.AspNetCore.Hosting.Diagnostics", RequestId: "0HNKH638KSOFM:00000019", RequestPath: "/api/auth/me", ConnectionId: "0HNKH638KSOFM", Application: "AquaERP.Api" }
2026-04-03 08:59:15 [INF] Authorization failed. These requirements were not met:
DenyAnonymousAuthorizationRequirement: Requires an authenticated user. { EventId: { Id: 2, Name: "UserAuthorizationFailed" }, SourceContext: "Microsoft.AspNetCore.Authorization.DefaultAuthorizationService", RequestId: "0HNKH638KSOFM:00000019", RequestPath: "/api/auth/me", ConnectionId: "0HNKH638KSOFM", Application: "AquaERP.Api" }
2026-04-03 08:59:15 [INF] AuthenticationScheme: Bearer was challenged. { EventId: { Id: 12, Name: "AuthenticationSchemeChallenged" }, SourceContext: "Microsoft.AspNetCore.Authentication.JwtBearer.JwtBearerHandler", RequestId: "0HNKH638KSOFM:00000019", RequestPath: "/api/auth/me", ConnectionId: "0HNKH638KSOFM", Application: "AquaERP.Api" }
2026-04-03 08:59:15 [INF] GET /api/auth/me → 401 in 36ms | IP: ::1 { SourceContext: "Shop.Web.API.Middleware.RequestLoggingMiddleware", RequestId: "0HNKH638KSOFM:00000019", RequestPath: "/api/auth/me", ConnectionId: "0HNKH638KSOFM", Application: "AquaERP.Api" }
2026-04-03 08:59:15 [INF] Request finished HTTP/2 GET https://localhost:7031/api/auth/me - 401 null application/json 64.5726ms { EventId: { Id: 2 }, SourceContext: "Microsoft.AspNetCore.Hosting.Diagnostics", RequestId: "0HNKH638KSOFM:00000019", RequestPath: "/api/auth/me", ConnectionId: "0HNKH638KSOFM", Application: "AquaERP.Api" }
2026-04-03 09:01:31 [INF] AquaERP API starting up on Development { Application: "AquaERP.Api" }
2026-04-03 09:01:31 [INF] User profile is available. Using 'C:\Users\Selvaraj\AppData\Local\ASP.NET\DataProtection-Keys' as key repository and Windows DPAPI to encrypt keys at rest. { EventId: { Id: 63, Name: "UsingProfileAsKeyRepositoryWithDPAPI" }, SourceContext: "Microsoft.AspNetCore.DataProtection.KeyManagement.XmlKeyManager", Application: "AquaERP.Api" }
2026-04-03 09:01:32 [INF] Now listening on: https://localhost:7031 { EventId: { Id: 14, Name: "ListeningOnAddress" }, SourceContext: "Microsoft.Hosting.Lifetime", Application: "AquaERP.Api" }
2026-04-03 09:01:32 [INF] Now listening on: http://localhost:5073 { EventId: { Id: 14, Name: "ListeningOnAddress" }, SourceContext: "Microsoft.Hosting.Lifetime", Application: "AquaERP.Api" }
2026-04-03 09:01:32 [INF] Application started. Press Ctrl+C to shut down. { SourceContext: "Microsoft.Hosting.Lifetime", Application: "AquaERP.Api" }
2026-04-03 09:01:32 [INF] Hosting environment: Development { SourceContext: "Microsoft.Hosting.Lifetime", Application: "AquaERP.Api" }
2026-04-03 09:01:32 [INF] Content root path: D:\Projects\WaterCanManagement\shop_claude_backend\Shop.Web.API\Shop.Web.API { SourceContext: "Microsoft.Hosting.Lifetime", Application: "AquaERP.Api" }
2026-04-03 09:01:33 [INF] Request starting HTTP/2 GET https://localhost:7031/scalar/v1 - null null { EventId: { Id: 1 }, SourceContext: "Microsoft.AspNetCore.Hosting.Diagnostics", RequestId: "0HNKH66040NE8:00000001", RequestPath: "/scalar/v1", ConnectionId: "0HNKH66040NE8", Application: "AquaERP.Api" }
2026-04-03 09:01:37 [INF] Executing endpoint 'HTTP: GET /scalar/{documentName?}' { EventId: { Name: "ExecutingEndpoint" }, SourceContext: "Microsoft.AspNetCore.Routing.EndpointMiddleware", RequestId: "0HNKH66040NE8:00000001", RequestPath: "/scalar/v1", ConnectionId: "0HNKH66040NE8", Application: "AquaERP.Api" }
2026-04-03 09:01:37 [INF] Write content with HTTP Response ContentType of text/html { EventId: { Id: 2, Name: "WritingResultAsContent" }, SourceContext: "Microsoft.AspNetCore.Http.Result.ContentResult", RequestId: "0HNKH66040NE8:00000001", RequestPath: "/scalar/v1", ConnectionId: "0HNKH66040NE8", Application: "AquaERP.Api" }
2026-04-03 09:01:37 [INF] Executed endpoint 'HTTP: GET /scalar/{documentName?}' { EventId: { Id: 1, Name: "ExecutedEndpoint" }, SourceContext: "Microsoft.AspNetCore.Routing.EndpointMiddleware", RequestId: "0HNKH66040NE8:00000001", RequestPath: "/scalar/v1", ConnectionId: "0HNKH66040NE8", Application: "AquaERP.Api" }
2026-04-03 09:01:37 [INF] GET /scalar/v1 → 200 in 4198ms | IP: ::1 { SourceContext: "Shop.Web.API.Middleware.RequestLoggingMiddleware", RequestId: "0HNKH66040NE8:00000001", RequestPath: "/scalar/v1", ConnectionId: "0HNKH66040NE8", Application: "AquaERP.Api" }
2026-04-03 09:01:37 [INF] Request starting HTTP/2 GET https://localhost:7031/scalar/scalar.js - null null { EventId: { Id: 1 }, SourceContext: "Microsoft.AspNetCore.Hosting.Diagnostics", RequestId: "0HNKH66040NE8:00000005", RequestPath: "/scalar/scalar.js", ConnectionId: "0HNKH66040NE8", Application: "AquaERP.Api" }
2026-04-03 09:01:37 [INF] Request starting HTTP/2 GET https://localhost:7031/scalar/scalar.aspnetcore.js - null null { EventId: { Id: 1 }, SourceContext: "Microsoft.AspNetCore.Hosting.Diagnostics", RequestId: "0HNKH66040NE8:00000007", RequestPath: "/scalar/scalar.aspnetcore.js", ConnectionId: "0HNKH66040NE8", Application: "AquaERP.Api" }
2026-04-03 09:01:37 [INF] Request starting HTTP/2 GET https://localhost:7031/_framework/aspnetcore-browser-refresh.js - null null { EventId: { Id: 1 }, SourceContext: "Microsoft.AspNetCore.Hosting.Diagnostics", RequestId: "0HNKH66040NE8:00000003", RequestPath: "/_framework/aspnetcore-browser-refresh.js", ConnectionId: "0HNKH66040NE8", Application: "AquaERP.Api" }
2026-04-03 09:01:37 [INF] Executing endpoint 'HTTP: GET /scalar/scalar.js' { EventId: { Name: "ExecutingEndpoint" }, SourceContext: "Microsoft.AspNetCore.Routing.EndpointMiddleware", RequestId: "0HNKH66040NE8:00000005", RequestPath: "/scalar/scalar.js", ConnectionId: "0HNKH66040NE8", Application: "AquaERP.Api" }
2026-04-03 09:01:37 [INF] Request finished HTTP/2 GET https://localhost:7031/scalar/v1 - 200 null text/html 4536.0634ms { EventId: { Id: 2 }, SourceContext: "Microsoft.AspNetCore.Hosting.Diagnostics", RequestId: "0HNKH66040NE8:00000001", RequestPath: "/scalar/v1", ConnectionId: "0HNKH66040NE8", Application: "AquaERP.Api" }
2026-04-03 09:01:37 [INF] CORS policy execution failed. { EventId: { Id: 5, Name: "PolicyFailure" }, SourceContext: "Microsoft.AspNetCore.Cors.Infrastructure.CorsService", RequestId: "0HNKH66040NE8:00000007", RequestPath: "/scalar/scalar.aspnetcore.js", ConnectionId: "0HNKH66040NE8", Application: "AquaERP.Api" }
2026-04-03 09:01:37 [INF] Sending file with download name ''. { EventId: { Id: 5, Name: "WritingResultAsFileWithNoFileName" }, SourceContext: "Microsoft.AspNetCore.Http.Result.FileStreamResult", RequestId: "0HNKH66040NE8:00000005", RequestPath: "/scalar/scalar.js", ConnectionId: "0HNKH66040NE8", Application: "AquaERP.Api" }
2026-04-03 09:01:37 [INF] Request finished HTTP/2 GET https://localhost:7031/_framework/aspnetcore-browser-refresh.js - 200 14929 application/javascript; charset=utf-8 86.3294ms { EventId: { Id: 2 }, SourceContext: "Microsoft.AspNetCore.Hosting.Diagnostics", RequestId: "0HNKH66040NE8:00000003", RequestPath: "/_framework/aspnetcore-browser-refresh.js", ConnectionId: "0HNKH66040NE8", Application: "AquaERP.Api" }
2026-04-03 09:01:37 [INF] Request origin https://localhost:7031 does not have permission to access the resource. { EventId: { Id: 6, Name: "OriginNotAllowed" }, SourceContext: "Microsoft.AspNetCore.Cors.Infrastructure.CorsService", RequestId: "0HNKH66040NE8:00000007", RequestPath: "/scalar/scalar.aspnetcore.js", ConnectionId: "0HNKH66040NE8", Application: "AquaERP.Api" }
2026-04-03 09:01:37 [INF] Request starting HTTP/2 GET https://localhost:7031/_vs/browserLink - null null { EventId: { Id: 1 }, SourceContext: "Microsoft.AspNetCore.Hosting.Diagnostics", RequestId: "0HNKH66040NE8:00000009", RequestPath: "/_vs/browserLink", ConnectionId: "0HNKH66040NE8", Application: "AquaERP.Api" }
2026-04-03 09:01:38 [INF] Executing endpoint 'HTTP: GET /scalar/scalar.aspnetcore.js' { EventId: { Name: "ExecutingEndpoint" }, SourceContext: "Microsoft.AspNetCore.Routing.EndpointMiddleware", RequestId: "0HNKH66040NE8:00000007", RequestPath: "/scalar/scalar.aspnetcore.js", ConnectionId: "0HNKH66040NE8", Application: "AquaERP.Api" }
2026-04-03 09:01:38 [INF] Sending file with download name ''. { EventId: { Id: 5, Name: "WritingResultAsFileWithNoFileName" }, SourceContext: "Microsoft.AspNetCore.Http.Result.FileStreamResult", RequestId: "0HNKH66040NE8:00000007", RequestPath: "/scalar/scalar.aspnetcore.js", ConnectionId: "0HNKH66040NE8", Application: "AquaERP.Api" }
2026-04-03 09:01:38 [INF] Executed endpoint 'HTTP: GET /scalar/scalar.aspnetcore.js' { EventId: { Id: 1, Name: "ExecutedEndpoint" }, SourceContext: "Microsoft.AspNetCore.Routing.EndpointMiddleware", RequestId: "0HNKH66040NE8:00000007", RequestPath: "/scalar/scalar.aspnetcore.js", ConnectionId: "0HNKH66040NE8", Application: "AquaERP.Api" }
2026-04-03 09:01:38 [INF] Executed endpoint 'HTTP: GET /scalar/scalar.js' { EventId: { Id: 1, Name: "ExecutedEndpoint" }, SourceContext: "Microsoft.AspNetCore.Routing.EndpointMiddleware", RequestId: "0HNKH66040NE8:00000005", RequestPath: "/scalar/scalar.js", ConnectionId: "0HNKH66040NE8", Application: "AquaERP.Api" }
2026-04-03 09:01:38 [INF] GET /scalar/scalar.aspnetcore.js → 200 in 147ms | IP: ::1 { SourceContext: "Shop.Web.API.Middleware.RequestLoggingMiddleware", RequestId: "0HNKH66040NE8:00000007", RequestPath: "/scalar/scalar.aspnetcore.js", ConnectionId: "0HNKH66040NE8", Application: "AquaERP.Api" }
2026-04-03 09:01:38 [INF] GET /scalar/scalar.js → 200 in 168ms | IP: ::1 { SourceContext: "Shop.Web.API.Middleware.RequestLoggingMiddleware", RequestId: "0HNKH66040NE8:00000005", RequestPath: "/scalar/scalar.js", ConnectionId: "0HNKH66040NE8", Application: "AquaERP.Api" }
2026-04-03 09:01:38 [INF] Request finished HTTP/2 GET https://localhost:7031/scalar/scalar.aspnetcore.js - 200 1111 text/javascript 186.6237ms { EventId: { Id: 2 }, SourceContext: "Microsoft.AspNetCore.Hosting.Diagnostics", RequestId: "0HNKH66040NE8:00000007", RequestPath: "/scalar/scalar.aspnetcore.js", ConnectionId: "0HNKH66040NE8", Application: "AquaERP.Api" }
2026-04-03 09:01:38 [INF] Request finished HTTP/2 GET https://localhost:7031/scalar/scalar.js - 200 1107503 text/javascript 193.9382ms { EventId: { Id: 2 }, SourceContext: "Microsoft.AspNetCore.Hosting.Diagnostics", RequestId: "0HNKH66040NE8:00000005", RequestPath: "/scalar/scalar.js", ConnectionId: "0HNKH66040NE8", Application: "AquaERP.Api" }
2026-04-03 09:01:38 [INF] Request finished HTTP/2 GET https://localhost:7031/_vs/browserLink - 200 null text/javascript; charset=UTF-8 142.8514ms { EventId: { Id: 2 }, SourceContext: "Microsoft.AspNetCore.Hosting.Diagnostics", RequestId: "0HNKH66040NE8:00000009", RequestPath: "/_vs/browserLink", ConnectionId: "0HNKH66040NE8", Application: "AquaERP.Api" }
2026-04-03 09:01:38 [INF] Request starting HTTP/2 GET https://localhost:7031/openapi/v1.json - null null { EventId: { Id: 1 }, SourceContext: "Microsoft.AspNetCore.Hosting.Diagnostics", RequestId: "0HNKH66040NE8:0000000B", RequestPath: "/openapi/v1.json", ConnectionId: "0HNKH66040NE8", Application: "AquaERP.Api" }
2026-04-03 09:01:38 [INF] Executing endpoint 'HTTP: GET /openapi/{documentName}.json' { EventId: { Name: "ExecutingEndpoint" }, SourceContext: "Microsoft.AspNetCore.Routing.EndpointMiddleware", RequestId: "0HNKH66040NE8:0000000B", RequestPath: "/openapi/v1.json", ConnectionId: "0HNKH66040NE8", Application: "AquaERP.Api" }
2026-04-03 09:01:38 [INF] Executed endpoint 'HTTP: GET /openapi/{documentName}.json' { EventId: { Id: 1, Name: "ExecutedEndpoint" }, SourceContext: "Microsoft.AspNetCore.Routing.EndpointMiddleware", RequestId: "0HNKH66040NE8:0000000B", RequestPath: "/openapi/v1.json", ConnectionId: "0HNKH66040NE8", Application: "AquaERP.Api" }
2026-04-03 09:01:38 [INF] GET /openapi/v1.json → 200 in 70ms | IP: ::1 { SourceContext: "Shop.Web.API.Middleware.RequestLoggingMiddleware", RequestId: "0HNKH66040NE8:0000000B", RequestPath: "/openapi/v1.json", ConnectionId: "0HNKH66040NE8", Application: "AquaERP.Api" }
2026-04-03 09:01:38 [INF] Request finished HTTP/2 GET https://localhost:7031/openapi/v1.json - 200 null application/json;charset=utf-8 89.2232ms { EventId: { Id: 2 }, SourceContext: "Microsoft.AspNetCore.Hosting.Diagnostics", RequestId: "0HNKH66040NE8:0000000B", RequestPath: "/openapi/v1.json", ConnectionId: "0HNKH66040NE8", Application: "AquaERP.Api" }
2026-04-03 16:15:47 [INF] AquaERP API starting up on Development { Application: "AquaERP.Api" }
2026-04-03 16:15:47 [INF] User profile is available. Using 'C:\Users\Selvaraj\AppData\Local\ASP.NET\DataProtection-Keys' as key repository and Windows DPAPI to encrypt keys at rest. { EventId: { Id: 63, Name: "UsingProfileAsKeyRepositoryWithDPAPI" }, SourceContext: "Microsoft.AspNetCore.DataProtection.KeyManagement.XmlKeyManager", Application: "AquaERP.Api" }
2026-04-03 16:15:48 [INF] Now listening on: https://localhost:7031 { EventId: { Id: 14, Name: "ListeningOnAddress" }, SourceContext: "Microsoft.Hosting.Lifetime", Application: "AquaERP.Api" }
2026-04-03 16:15:48 [INF] Now listening on: http://localhost:5073 { EventId: { Id: 14, Name: "ListeningOnAddress" }, SourceContext: "Microsoft.Hosting.Lifetime", Application: "AquaERP.Api" }
2026-04-03 16:15:48 [INF] Application started. Press Ctrl+C to shut down. { SourceContext: "Microsoft.Hosting.Lifetime", Application: "AquaERP.Api" }
2026-04-03 16:15:48 [INF] Hosting environment: Development { SourceContext: "Microsoft.Hosting.Lifetime", Application: "AquaERP.Api" }
2026-04-03 16:15:48 [INF] Content root path: D:\Projects\WaterCanManagement\shop_claude_backend\Shop.Web.API\Shop.Web.API { SourceContext: "Microsoft.Hosting.Lifetime", Application: "AquaERP.Api" }
2026-04-03 16:15:48 [INF] Request starting HTTP/2 GET https://localhost:7031/scalar/v1 - null null { EventId: { Id: 1 }, SourceContext: "Microsoft.AspNetCore.Hosting.Diagnostics", RequestId: "0HNKHDOLDLBPQ:00000001", RequestPath: "/scalar/v1", ConnectionId: "0HNKHDOLDLBPQ", Application: "AquaERP.Api" }
2026-04-03 16:15:52 [INF] Executing endpoint 'HTTP: GET /scalar/{documentName?}' { EventId: { Name: "ExecutingEndpoint" }, SourceContext: "Microsoft.AspNetCore.Routing.EndpointMiddleware", RequestId: "0HNKHDOLDLBPQ:00000001", RequestPath: "/scalar/v1", ConnectionId: "0HNKHDOLDLBPQ", Application: "AquaERP.Api" }
2026-04-03 16:15:52 [INF] Write content with HTTP Response ContentType of text/html { EventId: { Id: 2, Name: "WritingResultAsContent" }, SourceContext: "Microsoft.AspNetCore.Http.Result.ContentResult", RequestId: "0HNKHDOLDLBPQ:00000001", RequestPath: "/scalar/v1", ConnectionId: "0HNKHDOLDLBPQ", Application: "AquaERP.Api" }
2026-04-03 16:15:52 [INF] Executed endpoint 'HTTP: GET /scalar/{documentName?}' { EventId: { Id: 1, Name: "ExecutedEndpoint" }, SourceContext: "Microsoft.AspNetCore.Routing.EndpointMiddleware", RequestId: "0HNKHDOLDLBPQ:00000001", RequestPath: "/scalar/v1", ConnectionId: "0HNKHDOLDLBPQ", Application: "AquaERP.Api" }
2026-04-03 16:15:52 [INF] Request starting HTTP/2 GET https://localhost:7031/scalar/scalar.aspnetcore.js - null null { EventId: { Id: 1 }, SourceContext: "Microsoft.AspNetCore.Hosting.Diagnostics", RequestId: "0HNKHDOLDLBPQ:00000007", RequestPath: "/scalar/scalar.aspnetcore.js", ConnectionId: "0HNKHDOLDLBPQ", Application: "AquaERP.Api" }
2026-04-03 16:15:52 [INF] Request starting HTTP/2 GET https://localhost:7031/_framework/aspnetcore-browser-refresh.js - null null { EventId: { Id: 1 }, SourceContext: "Microsoft.AspNetCore.Hosting.Diagnostics", RequestId: "0HNKHDOLDLBPQ:00000003", RequestPath: "/_framework/aspnetcore-browser-refresh.js", ConnectionId: "0HNKHDOLDLBPQ", Application: "AquaERP.Api" }
2026-04-03 16:15:52 [INF] Request starting HTTP/2 GET https://localhost:7031/scalar/scalar.js - null null { EventId: { Id: 1 }, SourceContext: "Microsoft.AspNetCore.Hosting.Diagnostics", RequestId: "0HNKHDOLDLBPQ:00000005", RequestPath: "/scalar/scalar.js", ConnectionId: "0HNKHDOLDLBPQ", Application: "AquaERP.Api" }
2026-04-03 16:15:52 [INF] Request starting HTTP/2 GET https://localhost:7031/_vs/browserLink - null null { EventId: { Id: 1 }, SourceContext: "Microsoft.AspNetCore.Hosting.Diagnostics", RequestId: "0HNKHDOLDLBPQ:00000009", RequestPath: "/_vs/browserLink", ConnectionId: "0HNKHDOLDLBPQ", Application: "AquaERP.Api" }
2026-04-03 16:15:52 [INF] CORS policy execution failed. { EventId: { Id: 5, Name: "PolicyFailure" }, SourceContext: "Microsoft.AspNetCore.Cors.Infrastructure.CorsService", RequestId: "0HNKHDOLDLBPQ:00000007", RequestPath: "/scalar/scalar.aspnetcore.js", ConnectionId: "0HNKHDOLDLBPQ", Application: "AquaERP.Api" }
2026-04-03 16:15:52 [INF] GET /scalar/v1 → 200 in 3543ms | IP: ::1 { SourceContext: "Shop.Web.API.Middleware.RequestLoggingMiddleware", RequestId: "0HNKHDOLDLBPQ:00000001", RequestPath: "/scalar/v1", ConnectionId: "0HNKHDOLDLBPQ", Application: "AquaERP.Api" }
2026-04-03 16:15:52 [INF] Executing endpoint 'HTTP: GET /scalar/scalar.js' { EventId: { Name: "ExecutingEndpoint" }, SourceContext: "Microsoft.AspNetCore.Routing.EndpointMiddleware", RequestId: "0HNKHDOLDLBPQ:00000005", RequestPath: "/scalar/scalar.js", ConnectionId: "0HNKHDOLDLBPQ", Application: "AquaERP.Api" }
2026-04-03 16:15:52 [INF] Request origin https://localhost:7031 does not have permission to access the resource. { EventId: { Id: 6, Name: "OriginNotAllowed" }, SourceContext: "Microsoft.AspNetCore.Cors.Infrastructure.CorsService", RequestId: "0HNKHDOLDLBPQ:00000007", RequestPath: "/scalar/scalar.aspnetcore.js", ConnectionId: "0HNKHDOLDLBPQ", Application: "AquaERP.Api" }
2026-04-03 16:15:52 [INF] Request finished HTTP/2 GET https://localhost:7031/scalar/v1 - 200 null text/html 3847.3656ms { EventId: { Id: 2 }, SourceContext: "Microsoft.AspNetCore.Hosting.Diagnostics", RequestId: "0HNKHDOLDLBPQ:00000001", RequestPath: "/scalar/v1", ConnectionId: "0HNKHDOLDLBPQ", Application: "AquaERP.Api" }
2026-04-03 16:15:52 [INF] Request finished HTTP/2 GET https://localhost:7031/_framework/aspnetcore-browser-refresh.js - 200 14929 application/javascript; charset=utf-8 67.5784ms { EventId: { Id: 2 }, SourceContext: "Microsoft.AspNetCore.Hosting.Diagnostics", RequestId: "0HNKHDOLDLBPQ:00000003", RequestPath: "/_framework/aspnetcore-browser-refresh.js", ConnectionId: "0HNKHDOLDLBPQ", Application: "AquaERP.Api" }
2026-04-03 16:15:52 [INF] Executing endpoint 'HTTP: GET /scalar/scalar.aspnetcore.js' { EventId: { Name: "ExecutingEndpoint" }, SourceContext: "Microsoft.AspNetCore.Routing.EndpointMiddleware", RequestId: "0HNKHDOLDLBPQ:00000007", RequestPath: "/scalar/scalar.aspnetcore.js", ConnectionId: "0HNKHDOLDLBPQ", Application: "AquaERP.Api" }
2026-04-03 16:15:52 [INF] Sending file with download name ''. { EventId: { Id: 5, Name: "WritingResultAsFileWithNoFileName" }, SourceContext: "Microsoft.AspNetCore.Http.Result.FileStreamResult", RequestId: "0HNKHDOLDLBPQ:00000005", RequestPath: "/scalar/scalar.js", ConnectionId: "0HNKHDOLDLBPQ", Application: "AquaERP.Api" }
2026-04-03 16:15:52 [INF] Sending file with download name ''. { EventId: { Id: 5, Name: "WritingResultAsFileWithNoFileName" }, SourceContext: "Microsoft.AspNetCore.Http.Result.FileStreamResult", RequestId: "0HNKHDOLDLBPQ:00000007", RequestPath: "/scalar/scalar.aspnetcore.js", ConnectionId: "0HNKHDOLDLBPQ", Application: "AquaERP.Api" }
2026-04-03 16:15:52 [INF] Executed endpoint 'HTTP: GET /scalar/scalar.aspnetcore.js' { EventId: { Id: 1, Name: "ExecutedEndpoint" }, SourceContext: "Microsoft.AspNetCore.Routing.EndpointMiddleware", RequestId: "0HNKHDOLDLBPQ:00000007", RequestPath: "/scalar/scalar.aspnetcore.js", ConnectionId: "0HNKHDOLDLBPQ", Application: "AquaERP.Api" }
2026-04-03 16:15:52 [INF] GET /scalar/scalar.aspnetcore.js → 200 in 267ms | IP: ::1 { SourceContext: "Shop.Web.API.Middleware.RequestLoggingMiddleware", RequestId: "0HNKHDOLDLBPQ:00000007", RequestPath: "/scalar/scalar.aspnetcore.js", ConnectionId: "0HNKHDOLDLBPQ", Application: "AquaERP.Api" }
2026-04-03 16:15:52 [INF] Executed endpoint 'HTTP: GET /scalar/scalar.js' { EventId: { Id: 1, Name: "ExecutedEndpoint" }, SourceContext: "Microsoft.AspNetCore.Routing.EndpointMiddleware", RequestId: "0HNKHDOLDLBPQ:00000005", RequestPath: "/scalar/scalar.js", ConnectionId: "0HNKHDOLDLBPQ", Application: "AquaERP.Api" }
2026-04-03 16:15:52 [INF] Request finished HTTP/2 GET https://localhost:7031/_vs/browserLink - 200 null text/javascript; charset=UTF-8 325.3607ms { EventId: { Id: 2 }, SourceContext: "Microsoft.AspNetCore.Hosting.Diagnostics", RequestId: "0HNKHDOLDLBPQ:00000009", RequestPath: "/_vs/browserLink", ConnectionId: "0HNKHDOLDLBPQ", Application: "AquaERP.Api" }
2026-04-03 16:15:52 [INF] Request finished HTTP/2 GET https://localhost:7031/scalar/scalar.aspnetcore.js - 200 1111 text/javascript 331.9405ms { EventId: { Id: 2 }, SourceContext: "Microsoft.AspNetCore.Hosting.Diagnostics", RequestId: "0HNKHDOLDLBPQ:00000007", RequestPath: "/scalar/scalar.aspnetcore.js", ConnectionId: "0HNKHDOLDLBPQ", Application: "AquaERP.Api" }
2026-04-03 16:15:52 [INF] GET /scalar/scalar.js → 200 in 266ms | IP: ::1 { SourceContext: "Shop.Web.API.Middleware.RequestLoggingMiddleware", RequestId: "0HNKHDOLDLBPQ:00000005", RequestPath: "/scalar/scalar.js", ConnectionId: "0HNKHDOLDLBPQ", Application: "AquaERP.Api" }
2026-04-03 16:15:52 [INF] Request finished HTTP/2 GET https://localhost:7031/scalar/scalar.js - 200 1107503 text/javascript 352.1517ms { EventId: { Id: 2 }, SourceContext: "Microsoft.AspNetCore.Hosting.Diagnostics", RequestId: "0HNKHDOLDLBPQ:00000005", RequestPath: "/scalar/scalar.js", ConnectionId: "0HNKHDOLDLBPQ", Application: "AquaERP.Api" }
2026-04-03 16:15:53 [INF] Request starting HTTP/2 GET https://localhost:7031/openapi/v1.json - null null { EventId: { Id: 1 }, SourceContext: "Microsoft.AspNetCore.Hosting.Diagnostics", RequestId: "0HNKHDOLDLBPQ:0000000B", RequestPath: "/openapi/v1.json", ConnectionId: "0HNKHDOLDLBPQ", Application: "AquaERP.Api" }
2026-04-03 16:15:53 [INF] Executing endpoint 'HTTP: GET /openapi/{documentName}.json' { EventId: { Name: "ExecutingEndpoint" }, SourceContext: "Microsoft.AspNetCore.Routing.EndpointMiddleware", RequestId: "0HNKHDOLDLBPQ:0000000B", RequestPath: "/openapi/v1.json", ConnectionId: "0HNKHDOLDLBPQ", Application: "AquaERP.Api" }
2026-04-03 16:15:53 [INF] Executed endpoint 'HTTP: GET /openapi/{documentName}.json' { EventId: { Id: 1, Name: "ExecutedEndpoint" }, SourceContext: "Microsoft.AspNetCore.Routing.EndpointMiddleware", RequestId: "0HNKHDOLDLBPQ:0000000B", RequestPath: "/openapi/v1.json", ConnectionId: "0HNKHDOLDLBPQ", Application: "AquaERP.Api" }
2026-04-03 16:15:53 [INF] GET /openapi/v1.json → 200 in 42ms | IP: ::1 { SourceContext: "Shop.Web.API.Middleware.RequestLoggingMiddleware", RequestId: "0HNKHDOLDLBPQ:0000000B", RequestPath: "/openapi/v1.json", ConnectionId: "0HNKHDOLDLBPQ", Application: "AquaERP.Api" }
2026-04-03 16:15:53 [INF] Request finished HTTP/2 GET https://localhost:7031/openapi/v1.json - 200 null application/json;charset=utf-8 52.3549ms { EventId: { Id: 2 }, SourceContext: "Microsoft.AspNetCore.Hosting.Diagnostics", RequestId: "0HNKHDOLDLBPQ:0000000B", RequestPath: "/openapi/v1.json", ConnectionId: "0HNKHDOLDLBPQ", Application: "AquaERP.Api" }
2026-04-03 16:24:35 [INF] AquaERP API starting up on Development { Application: "AquaERP.Api" }
2026-04-03 16:24:35 [INF] User profile is available. Using 'C:\Users\Selvaraj\AppData\Local\ASP.NET\DataProtection-Keys' as key repository and Windows DPAPI to encrypt keys at rest. { EventId: { Id: 63, Name: "UsingProfileAsKeyRepositoryWithDPAPI" }, SourceContext: "Microsoft.AspNetCore.DataProtection.KeyManagement.XmlKeyManager", Application: "AquaERP.Api" }
2026-04-03 16:24:36 [INF] Now listening on: https://localhost:7031 { EventId: { Id: 14, Name: "ListeningOnAddress" }, SourceContext: "Microsoft.Hosting.Lifetime", Application: "AquaERP.Api" }
2026-04-03 16:24:36 [INF] Now listening on: http://localhost:5073 { EventId: { Id: 14, Name: "ListeningOnAddress" }, SourceContext: "Microsoft.Hosting.Lifetime", Application: "AquaERP.Api" }
2026-04-03 16:24:36 [INF] Application started. Press Ctrl+C to shut down. { SourceContext: "Microsoft.Hosting.Lifetime", Application: "AquaERP.Api" }
2026-04-03 16:24:36 [INF] Hosting environment: Development { SourceContext: "Microsoft.Hosting.Lifetime", Application: "AquaERP.Api" }
2026-04-03 16:24:36 [INF] Content root path: D:\Projects\WaterCanManagement\shop_claude_backend\Shop.Web.API\Shop.Web.API { SourceContext: "Microsoft.Hosting.Lifetime", Application: "AquaERP.Api" }
2026-04-03 16:24:36 [INF] Request starting HTTP/2 GET https://localhost:7031/scalar/v1 - null null { EventId: { Id: 1 }, SourceContext: "Microsoft.AspNetCore.Hosting.Diagnostics", RequestId: "0HNKHDTIMK7AI:00000001", RequestPath: "/scalar/v1", ConnectionId: "0HNKHDTIMK7AI", Application: "AquaERP.Api" }
2026-04-03 16:24:36 [INF] Executing endpoint 'HTTP: GET /scalar/{documentName?}' { EventId: { Name: "ExecutingEndpoint" }, SourceContext: "Microsoft.AspNetCore.Routing.EndpointMiddleware", RequestId: "0HNKHDTIMK7AI:00000001", RequestPath: "/scalar/v1", ConnectionId: "0HNKHDTIMK7AI", Application: "AquaERP.Api" }
2026-04-03 16:24:36 [INF] Write content with HTTP Response ContentType of text/html { EventId: { Id: 2, Name: "WritingResultAsContent" }, SourceContext: "Microsoft.AspNetCore.Http.Result.ContentResult", RequestId: "0HNKHDTIMK7AI:00000001", RequestPath: "/scalar/v1", ConnectionId: "0HNKHDTIMK7AI", Application: "AquaERP.Api" }
2026-04-03 16:24:36 [INF] Executed endpoint 'HTTP: GET /scalar/{documentName?}' { EventId: { Id: 1, Name: "ExecutedEndpoint" }, SourceContext: "Microsoft.AspNetCore.Routing.EndpointMiddleware", RequestId: "0HNKHDTIMK7AI:00000001", RequestPath: "/scalar/v1", ConnectionId: "0HNKHDTIMK7AI", Application: "AquaERP.Api" }
2026-04-03 16:24:36 [INF] GET /scalar/v1 → 200 in 190ms | IP: ::1 { SourceContext: "Shop.Web.API.Middleware.RequestLoggingMiddleware", RequestId: "0HNKHDTIMK7AI:00000001", RequestPath: "/scalar/v1", ConnectionId: "0HNKHDTIMK7AI", Application: "AquaERP.Api" }
2026-04-03 16:24:36 [INF] Request starting HTTP/2 GET https://localhost:7031/scalar/scalar.aspnetcore.js - null null { EventId: { Id: 1 }, SourceContext: "Microsoft.AspNetCore.Hosting.Diagnostics", RequestId: "0HNKHDTIMK7AI:00000007", RequestPath: "/scalar/scalar.aspnetcore.js", ConnectionId: "0HNKHDTIMK7AI", Application: "AquaERP.Api" }
2026-04-03 16:24:36 [INF] Request starting HTTP/2 GET https://localhost:7031/_framework/aspnetcore-browser-refresh.js - null null { EventId: { Id: 1 }, SourceContext: "Microsoft.AspNetCore.Hosting.Diagnostics", RequestId: "0HNKHDTIMK7AI:00000003", RequestPath: "/_framework/aspnetcore-browser-refresh.js", ConnectionId: "0HNKHDTIMK7AI", Application: "AquaERP.Api" }
2026-04-03 16:24:36 [INF] Request starting HTTP/2 GET https://localhost:7031/_vs/browserLink - null null { EventId: { Id: 1 }, SourceContext: "Microsoft.AspNetCore.Hosting.Diagnostics", RequestId: "0HNKHDTIMK7AI:00000009", RequestPath: "/_vs/browserLink", ConnectionId: "0HNKHDTIMK7AI", Application: "AquaERP.Api" }
2026-04-03 16:24:36 [INF] CORS policy execution failed. { EventId: { Id: 5, Name: "PolicyFailure" }, SourceContext: "Microsoft.AspNetCore.Cors.Infrastructure.CorsService", RequestId: "0HNKHDTIMK7AI:00000007", RequestPath: "/scalar/scalar.aspnetcore.js", ConnectionId: "0HNKHDTIMK7AI", Application: "AquaERP.Api" }
2026-04-03 16:24:36 [INF] Request finished HTTP/2 GET https://localhost:7031/scalar/v1 - 200 null text/html 385.1487ms { EventId: { Id: 2 }, SourceContext: "Microsoft.AspNetCore.Hosting.Diagnostics", RequestId: "0HNKHDTIMK7AI:00000001", RequestPath: "/scalar/v1", ConnectionId: "0HNKHDTIMK7AI", Application: "AquaERP.Api" }
2026-04-03 16:24:36 [INF] Request starting HTTP/2 GET https://localhost:7031/scalar/scalar.js - null null { EventId: { Id: 1 }, SourceContext: "Microsoft.AspNetCore.Hosting.Diagnostics", RequestId: "0HNKHDTIMK7AI:00000005", RequestPath: "/scalar/scalar.js", ConnectionId: "0HNKHDTIMK7AI", Application: "AquaERP.Api" }
2026-04-03 16:24:36 [INF] Request origin https://localhost:7031 does not have permission to access the resource. { EventId: { Id: 6, Name: "OriginNotAllowed" }, SourceContext: "Microsoft.AspNetCore.Cors.Infrastructure.CorsService", RequestId: "0HNKHDTIMK7AI:00000007", RequestPath: "/scalar/scalar.aspnetcore.js", ConnectionId: "0HNKHDTIMK7AI", Application: "AquaERP.Api" }
2026-04-03 16:24:36 [INF] Request finished HTTP/2 GET https://localhost:7031/_framework/aspnetcore-browser-refresh.js - 200 14929 application/javascript; charset=utf-8 86.8181ms { EventId: { Id: 2 }, SourceContext: "Microsoft.AspNetCore.Hosting.Diagnostics", RequestId: "0HNKHDTIMK7AI:00000003", RequestPath: "/_framework/aspnetcore-browser-refresh.js", ConnectionId: "0HNKHDTIMK7AI", Application: "AquaERP.Api" }
2026-04-03 16:24:36 [INF] Request finished HTTP/2 GET https://localhost:7031/_vs/browserLink - 200 null text/javascript; charset=UTF-8 90.0674ms { EventId: { Id: 2 }, SourceContext: "Microsoft.AspNetCore.Hosting.Diagnostics", RequestId: "0HNKHDTIMK7AI:00000009", RequestPath: "/_vs/browserLink", ConnectionId: "0HNKHDTIMK7AI", Application: "AquaERP.Api" }
2026-04-03 16:24:36 [INF] Executing endpoint 'HTTP: GET /scalar/scalar.js' { EventId: { Name: "ExecutingEndpoint" }, SourceContext: "Microsoft.AspNetCore.Routing.EndpointMiddleware", RequestId: "0HNKHDTIMK7AI:00000005", RequestPath: "/scalar/scalar.js", ConnectionId: "0HNKHDTIMK7AI", Application: "AquaERP.Api" }
2026-04-03 16:24:36 [INF] Executing endpoint 'HTTP: GET /scalar/scalar.aspnetcore.js' { EventId: { Name: "ExecutingEndpoint" }, SourceContext: "Microsoft.AspNetCore.Routing.EndpointMiddleware", RequestId: "0HNKHDTIMK7AI:00000007", RequestPath: "/scalar/scalar.aspnetcore.js", ConnectionId: "0HNKHDTIMK7AI", Application: "AquaERP.Api" }
2026-04-03 16:24:36 [INF] Sending file with download name ''. { EventId: { Id: 5, Name: "WritingResultAsFileWithNoFileName" }, SourceContext: "Microsoft.AspNetCore.Http.Result.FileStreamResult", RequestId: "0HNKHDTIMK7AI:00000005", RequestPath: "/scalar/scalar.js", ConnectionId: "0HNKHDTIMK7AI", Application: "AquaERP.Api" }
2026-04-03 16:24:36 [INF] Sending file with download name ''. { EventId: { Id: 5, Name: "WritingResultAsFileWithNoFileName" }, SourceContext: "Microsoft.AspNetCore.Http.Result.FileStreamResult", RequestId: "0HNKHDTIMK7AI:00000007", RequestPath: "/scalar/scalar.aspnetcore.js", ConnectionId: "0HNKHDTIMK7AI", Application: "AquaERP.Api" }
2026-04-03 16:24:36 [INF] Executed endpoint 'HTTP: GET /scalar/scalar.aspnetcore.js' { EventId: { Id: 1, Name: "ExecutedEndpoint" }, SourceContext: "Microsoft.AspNetCore.Routing.EndpointMiddleware", RequestId: "0HNKHDTIMK7AI:00000007", RequestPath: "/scalar/scalar.aspnetcore.js", ConnectionId: "0HNKHDTIMK7AI", Application: "AquaERP.Api" }
2026-04-03 16:24:36 [INF] GET /scalar/scalar.aspnetcore.js → 200 in 103ms | IP: ::1 { SourceContext: "Shop.Web.API.Middleware.RequestLoggingMiddleware", RequestId: "0HNKHDTIMK7AI:00000007", RequestPath: "/scalar/scalar.aspnetcore.js", ConnectionId: "0HNKHDTIMK7AI", Application: "AquaERP.Api" }
2026-04-03 16:24:36 [INF] Request finished HTTP/2 GET https://localhost:7031/scalar/scalar.aspnetcore.js - 200 1111 text/javascript 149.1075ms { EventId: { Id: 2 }, SourceContext: "Microsoft.AspNetCore.Hosting.Diagnostics", RequestId: "0HNKHDTIMK7AI:00000007", RequestPath: "/scalar/scalar.aspnetcore.js", ConnectionId: "0HNKHDTIMK7AI", Application: "AquaERP.Api" }
2026-04-03 16:24:36 [INF] Executed endpoint 'HTTP: GET /scalar/scalar.js' { EventId: { Id: 1, Name: "ExecutedEndpoint" }, SourceContext: "Microsoft.AspNetCore.Routing.EndpointMiddleware", RequestId: "0HNKHDTIMK7AI:00000005", RequestPath: "/scalar/scalar.js", ConnectionId: "0HNKHDTIMK7AI", Application: "AquaERP.Api" }
2026-04-03 16:24:36 [INF] GET /scalar/scalar.js → 200 in 53ms | IP: ::1 { SourceContext: "Shop.Web.API.Middleware.RequestLoggingMiddleware", RequestId: "0HNKHDTIMK7AI:00000005", RequestPath: "/scalar/scalar.js", ConnectionId: "0HNKHDTIMK7AI", Application: "AquaERP.Api" }
2026-04-03 16:24:36 [INF] Request finished HTTP/2 GET https://localhost:7031/scalar/scalar.js - 200 1107503 text/javascript 168.8394ms { EventId: { Id: 2 }, SourceContext: "Microsoft.AspNetCore.Hosting.Diagnostics", RequestId: "0HNKHDTIMK7AI:00000005", RequestPath: "/scalar/scalar.js", ConnectionId: "0HNKHDTIMK7AI", Application: "AquaERP.Api" }
2026-04-03 16:24:37 [INF] Request starting HTTP/2 GET https://localhost:7031/openapi/v1.json - null null { EventId: { Id: 1 }, SourceContext: "Microsoft.AspNetCore.Hosting.Diagnostics", RequestId: "0HNKHDTIMK7AI:0000000B", RequestPath: "/openapi/v1.json", ConnectionId: "0HNKHDTIMK7AI", Application: "AquaERP.Api" }
2026-04-03 16:24:37 [INF] Executing endpoint 'HTTP: GET /openapi/{documentName}.json' { EventId: { Name: "ExecutingEndpoint" }, SourceContext: "Microsoft.AspNetCore.Routing.EndpointMiddleware", RequestId: "0HNKHDTIMK7AI:0000000B", RequestPath: "/openapi/v1.json", ConnectionId: "0HNKHDTIMK7AI", Application: "AquaERP.Api" }
2026-04-03 16:24:37 [INF] Executed endpoint 'HTTP: GET /openapi/{documentName}.json' { EventId: { Id: 1, Name: "ExecutedEndpoint" }, SourceContext: "Microsoft.AspNetCore.Routing.EndpointMiddleware", RequestId: "0HNKHDTIMK7AI:0000000B", RequestPath: "/openapi/v1.json", ConnectionId: "0HNKHDTIMK7AI", Application: "AquaERP.Api" }
2026-04-03 16:24:37 [INF] GET /openapi/v1.json → 200 in 57ms | IP: ::1 { SourceContext: "Shop.Web.API.Middleware.RequestLoggingMiddleware", RequestId: "0HNKHDTIMK7AI:0000000B", RequestPath: "/openapi/v1.json", ConnectionId: "0HNKHDTIMK7AI", Application: "AquaERP.Api" }
2026-04-03 16:24:37 [INF] Request finished HTTP/2 GET https://localhost:7031/openapi/v1.json - 200 null application/json;charset=utf-8 87.3352ms { EventId: { Id: 2 }, SourceContext: "Microsoft.AspNetCore.Hosting.Diagnostics", RequestId: "0HNKHDTIMK7AI:0000000B", RequestPath: "/openapi/v1.json", ConnectionId: "0HNKHDTIMK7AI", Application: "AquaERP.Api" }
2026-04-03 16:25:18 [INF] Request starting HTTP/1.1 POST https://localhost:7031/api/auth/login - application/json 44 { EventId: { Id: 1 }, SourceContext: "Microsoft.AspNetCore.Hosting.Diagnostics", RequestId: "0HNKHDTIMK7AJ:00000001", RequestPath: "/api/auth/login", ConnectionId: "0HNKHDTIMK7AJ", Application: "AquaERP.Api" }
2026-04-03 16:25:19 [INF] CORS policy execution successful. { EventId: { Id: 4, Name: "PolicySuccess" }, SourceContext: "Microsoft.AspNetCore.Cors.Infrastructure.CorsService", RequestId: "0HNKHDTIMK7AJ:00000001", RequestPath: "/api/auth/login", ConnectionId: "0HNKHDTIMK7AJ", Application: "AquaERP.Api" }
2026-04-03 16:25:19 [INF] Executing endpoint 'Shop.Web.API.Controllers.AuthController.Login (Shop.Web.API)' { EventId: { Name: "ExecutingEndpoint" }, SourceContext: "Microsoft.AspNetCore.Routing.EndpointMiddleware", RequestId: "0HNKHDTIMK7AJ:00000001", RequestPath: "/api/auth/login", ConnectionId: "0HNKHDTIMK7AJ", Application: "AquaERP.Api" }
2026-04-03 16:25:19 [INF] Route matched with {action = "Login", controller = "Auth"}. Executing controller action with signature System.Threading.Tasks.Task`1[Microsoft.AspNetCore.Mvc.IActionResult] Login(Shop.Web.API.Models.Requests.LoginRequest) on controller Shop.Web.API.Controllers.AuthController (Shop.Web.API). { EventId: { Id: 102, Name: "ControllerActionExecuting" }, SourceContext: "Microsoft.AspNetCore.Mvc.Infrastructure.ControllerActionInvoker", ActionId: "dfc0763f-08d3-47b9-b09d-61d32f7fcd9f", ActionName: "Shop.Web.API.Controllers.AuthController.Login (Shop.Web.API)", RequestId: "0HNKHDTIMK7AJ:00000001", RequestPath: "/api/auth/login", ConnectionId: "0HNKHDTIMK7AJ", Application: "AquaERP.Api" }
2026-04-03 16:26:36 [INF] Executed action Shop.Web.API.Controllers.AuthController.Login (Shop.Web.API) in 77240.2976ms { EventId: { Id: 105, Name: "ActionExecuted" }, SourceContext: "Microsoft.AspNetCore.Mvc.Infrastructure.ControllerActionInvoker", RequestId: "0HNKHDTIMK7AJ:00000001", RequestPath: "/api/auth/login", ConnectionId: "0HNKHDTIMK7AJ", Application: "AquaERP.Api" }
2026-04-03 16:26:36 [INF] Executed endpoint 'Shop.Web.API.Controllers.AuthController.Login (Shop.Web.API)' { EventId: { Id: 1, Name: "ExecutedEndpoint" }, SourceContext: "Microsoft.AspNetCore.Routing.EndpointMiddleware", RequestId: "0HNKHDTIMK7AJ:00000001", RequestPath: "/api/auth/login", ConnectionId: "0HNKHDTIMK7AJ", Application: "AquaERP.Api" }
2026-04-03 16:26:36 [ERR] Unhandled exception on POST /api/auth/login { SourceContext: "Shop.Web.API.Middleware.ExceptionHandlingMiddleware", RequestId: "0HNKHDTIMK7AJ:00000001", RequestPath: "/api/auth/login", ConnectionId: "0HNKHDTIMK7AJ", Application: "AquaERP.Api" }
Microsoft.Data.SqlClient.SqlException (0x80131904): A network-related or instance-specific error occurred while establishing a connection to SQL Server. The server was not found or was not accessible. Verify that the instance name is correct and that SQL Server is configured to allow remote connections. (provider: Named Pipes Provider, error: 40 - Could not open a connection to SQL Server)
 ---> System.ComponentModel.Win32Exception (2): The system cannot find the file specified.
   at Microsoft.Data.SqlClient.SqlInternalConnection.OnError(SqlException exception, Boolean breakConnection, Action`1 wrapCloseInAction)
   at Microsoft.Data.SqlClient.TdsParser.ThrowExceptionAndWarning(TdsParserStateObject stateObj, SqlCommand command, Boolean callerHasConnectionLock, Boolean asyncClose)
   at Microsoft.Data.SqlClient.TdsParser.Connect(ServerInfo serverInfo, SqlInternalConnectionTds connHandler, TimeoutTimer timeout, SqlConnectionString connectionOptions, Boolean withFailover)
   at Microsoft.Data.SqlClient.SqlInternalConnectionTds.AttemptOneLogin(ServerInfo serverInfo, String newPassword, SecureString newSecurePassword, TimeoutTimer timeout, Boolean withFailover)
   at Microsoft.Data.SqlClient.SqlInternalConnectionTds.LoginNoFailover(ServerInfo serverInfo, String newPassword, SecureString newSecurePassword, Boolean redirectedUserInstance, SqlConnectionString connectionOptions, SqlCredential credential, TimeoutTimer timeout)
   at Microsoft.Data.SqlClient.SqlInternalConnectionTds.OpenLoginEnlist(TimeoutTimer timeout, SqlConnectionString connectionOptions, SqlCredential credential, String newPassword, SecureString newSecurePassword, Boolean redirectedUserInstance)
   at Microsoft.Data.SqlClient.SqlInternalConnectionTds..ctor(DbConnectionPoolIdentity identity, SqlConnectionString connectionOptions, SqlCredential credential, Object providerInfo, String newPassword, SecureString newSecurePassword, Boolean redirectedUserInstance, SqlConnectionString userConnectionOptions, SessionData reconnectSessionData, Boolean applyTransientFaultHandling, String accessToken, DbConnectionPool pool, Func`3 accessTokenCallback)
   at Microsoft.Data.SqlClient.SqlConnectionFactory.CreateConnection(DbConnectionOptions options, DbConnectionPoolKey poolKey, Object poolGroupProviderInfo, DbConnectionPool pool, DbConnection owningConnection, DbConnectionOptions userOptions)
   at Microsoft.Data.ProviderBase.DbConnectionFactory.CreatePooledConnection(DbConnectionPool pool, DbConnection owningObject, DbConnectionOptions options, DbConnectionPoolKey poolKey, DbConnectionOptions userOptions)
   at Microsoft.Data.ProviderBase.DbConnectionPool.CreateObject(DbConnection owningObject, DbConnectionOptions userOptions, DbConnectionInternal oldConnection)
   at Microsoft.Data.ProviderBase.DbConnectionPool.UserCreateRequest(DbConnection owningObject, DbConnectionOptions userOptions, DbConnectionInternal oldConnection)
   at Microsoft.Data.ProviderBase.DbConnectionPool.TryGetConnection(DbConnection owningObject, UInt32 waitForMultipleObjectsTimeout, Boolean allowCreate, Boolean onlyOneCheckConnection, DbConnectionOptions userOptions, DbConnectionInternal& connection)
   at Microsoft.Data.ProviderBase.DbConnectionPool.WaitForPendingOpen()
--- End of stack trace from previous location ---
   at Dapper.SqlMapper.QueryRowAsync[T](IDbConnection cnn, Row row, Type effectiveType, CommandDefinition command) in /_/Dapper/SqlMapper.Async.cs:line 488
   at Shop.Web.API.Repositories.AuthRepository.GetUserForLoginAsync(String phone) in D:\Projects\WaterCanManagement\shop_claude_backend\Shop.Web.API\Shop.Web.API\Repositories\AuthRepository.cs:line 35
   at Shop.Web.API.Services.AuthService.LoginAsync(LoginRequest req, String ip, String ua) in D:\Projects\WaterCanManagement\shop_claude_backend\Shop.Web.API\Shop.Web.API\Services\AuthService.cs:line 35
   at Shop.Web.API.Controllers.AuthController.Login(LoginRequest req) in D:\Projects\WaterCanManagement\shop_claude_backend\Shop.Web.API\Shop.Web.API\Controllers\AuthController.cs:line 41
   at Microsoft.AspNetCore.Mvc.Infrastructure.ActionMethodExecutor.TaskOfIActionResultExecutor.Execute(ActionContext actionContext, IActionResultTypeMapper mapper, ObjectMethodExecutor executor, Object controller, Object[] arguments)
   at Microsoft.AspNetCore.Mvc.Infrastructure.ControllerActionInvoker.<InvokeActionMethodAsync>g__Awaited|12_0(ControllerActionInvoker invoker, ValueTask`1 actionResultValueTask)
   at Microsoft.AspNetCore.Mvc.Infrastructure.ControllerActionInvoker.<InvokeNextActionFilterAsync>g__Awaited|10_0(ControllerActionInvoker invoker, Task lastTask, State next, Scope scope, Object state, Boolean isCompleted)
   at Microsoft.AspNetCore.Mvc.Infrastructure.ControllerActionInvoker.Rethrow(ActionExecutedContextSealed context)
   at Microsoft.AspNetCore.Mvc.Infrastructure.ControllerActionInvoker.Next(State& next, Scope& scope, Object& state, Boolean& isCompleted)
   at Microsoft.AspNetCore.Mvc.Infrastructure.ControllerActionInvoker.<InvokeInnerFilterAsync>g__Awaited|13_0(ControllerActionInvoker invoker, Task lastTask, State next, Scope scope, Object state, Boolean isCompleted)
   at Microsoft.AspNetCore.Mvc.Infrastructure.ResourceInvoker.<InvokeFilterPipelineAsync>g__Awaited|20_0(ResourceInvoker invoker, Task lastTask, State next, Scope scope, Object state, Boolean isCompleted)
   at Microsoft.AspNetCore.Mvc.Infrastructure.ResourceInvoker.<InvokeAsync>g__Logged|17_1(ResourceInvoker invoker)
   at Microsoft.AspNetCore.Mvc.Infrastructure.ResourceInvoker.<InvokeAsync>g__Logged|17_1(ResourceInvoker invoker)
   at Microsoft.AspNetCore.Routing.EndpointMiddleware.<Invoke>g__AwaitRequestTask|7_0(Endpoint endpoint, Task requestTask, ILogger logger)
   at Microsoft.AspNetCore.Authorization.AuthorizationMiddleware.Invoke(HttpContext context)
   at Microsoft.AspNetCore.Authentication.AuthenticationMiddleware.Invoke(HttpContext context)
   at Shop.Web.API.Middleware.RequestLoggingMiddleware.InvokeAsync(HttpContext ctx) in D:\Projects\WaterCanManagement\shop_claude_backend\Shop.Web.API\Shop.Web.API\Middleware\RequestLoggingMiddleware.cs:line 25
   at Shop.Web.API.Middleware.ExceptionHandlingMiddleware.InvokeAsync(HttpContext ctx) in D:\Projects\WaterCanManagement\shop_claude_backend\Shop.Web.API\Shop.Web.API\Middleware\ExceptionHandlingMiddleware.cs:line 29
ClientConnectionId:00000000-0000-0000-0000-000000000000
Error Number:2,State:0,Class:20
2026-04-03 16:26:36 [INF] Request finished HTTP/1.1 POST https://localhost:7031/api/auth/login - 500 null application/json 77532.2824ms { EventId: { Id: 2 }, SourceContext: "Microsoft.AspNetCore.Hosting.Diagnostics", RequestId: "0HNKHDTIMK7AJ:00000001", RequestPath: "/api/auth/login", ConnectionId: "0HNKHDTIMK7AJ", Application: "AquaERP.Api" }
2026-04-03 16:44:10 [INF] Request starting HTTP/1.1 POST https://localhost:7031/api/auth/login - application/json 44 { EventId: { Id: 1 }, SourceContext: "Microsoft.AspNetCore.Hosting.Diagnostics", RequestId: "0HNKHDTIMK7AK:00000001", RequestPath: "/api/auth/login", ConnectionId: "0HNKHDTIMK7AK", Application: "AquaERP.Api" }
2026-04-03 16:44:10 [INF] CORS policy execution successful. { EventId: { Id: 4, Name: "PolicySuccess" }, SourceContext: "Microsoft.AspNetCore.Cors.Infrastructure.CorsService", RequestId: "0HNKHDTIMK7AK:00000001", RequestPath: "/api/auth/login", ConnectionId: "0HNKHDTIMK7AK", Application: "AquaERP.Api" }
2026-04-03 16:44:10 [INF] Executing endpoint 'Shop.Web.API.Controllers.AuthController.Login (Shop.Web.API)' { EventId: { Name: "ExecutingEndpoint" }, SourceContext: "Microsoft.AspNetCore.Routing.EndpointMiddleware", RequestId: "0HNKHDTIMK7AK:00000001", RequestPath: "/api/auth/login", ConnectionId: "0HNKHDTIMK7AK", Application: "AquaERP.Api" }
2026-04-03 16:44:10 [INF] Route matched with {action = "Login", controller = "Auth"}. Executing controller action with signature System.Threading.Tasks.Task`1[Microsoft.AspNetCore.Mvc.IActionResult] Login(Shop.Web.API.Models.Requests.LoginRequest) on controller Shop.Web.API.Controllers.AuthController (Shop.Web.API). { EventId: { Id: 102, Name: "ControllerActionExecuting" }, SourceContext: "Microsoft.AspNetCore.Mvc.Infrastructure.ControllerActionInvoker", ActionId: "dfc0763f-08d3-47b9-b09d-61d32f7fcd9f", ActionName: "Shop.Web.API.Controllers.AuthController.Login (Shop.Web.API)", RequestId: "0HNKHDTIMK7AK:00000001", RequestPath: "/api/auth/login", ConnectionId: "0HNKHDTIMK7AK", Application: "AquaERP.Api" }
2026-04-03 16:44:51 [INF] Executed action Shop.Web.API.Controllers.AuthController.Login (Shop.Web.API) in 40877.353ms { EventId: { Id: 105, Name: "ActionExecuted" }, SourceContext: "Microsoft.AspNetCore.Mvc.Infrastructure.ControllerActionInvoker", RequestId: "0HNKHDTIMK7AK:00000001", RequestPath: "/api/auth/login", ConnectionId: "0HNKHDTIMK7AK", Application: "AquaERP.Api" }
2026-04-03 16:44:51 [INF] Executed endpoint 'Shop.Web.API.Controllers.AuthController.Login (Shop.Web.API)' { EventId: { Id: 1, Name: "ExecutedEndpoint" }, SourceContext: "Microsoft.AspNetCore.Routing.EndpointMiddleware", RequestId: "0HNKHDTIMK7AK:00000001", RequestPath: "/api/auth/login", ConnectionId: "0HNKHDTIMK7AK", Application: "AquaERP.Api" }
2026-04-03 16:44:51 [ERR] Unhandled exception on POST /api/auth/login { SourceContext: "Shop.Web.API.Middleware.ExceptionHandlingMiddleware", RequestId: "0HNKHDTIMK7AK:00000001", RequestPath: "/api/auth/login", ConnectionId: "0HNKHDTIMK7AK", Application: "AquaERP.Api" }
Microsoft.Data.SqlClient.SqlException (0x80131904): A network-related or instance-specific error occurred while establishing a connection to SQL Server. The server was not found or was not accessible. Verify that the instance name is correct and that SQL Server is configured to allow remote connections. (provider: Named Pipes Provider, error: 40 - Could not open a connection to SQL Server)
 ---> System.ComponentModel.Win32Exception (2): The system cannot find the file specified.
   at Microsoft.Data.SqlClient.SqlInternalConnection.OnError(SqlException exception, Boolean breakConnection, Action`1 wrapCloseInAction)
   at Microsoft.Data.SqlClient.TdsParser.ThrowExceptionAndWarning(TdsParserStateObject stateObj, SqlCommand command, Boolean callerHasConnectionLock, Boolean asyncClose)
   at Microsoft.Data.SqlClient.TdsParser.Connect(ServerInfo serverInfo, SqlInternalConnectionTds connHandler, TimeoutTimer timeout, SqlConnectionString connectionOptions, Boolean withFailover)
   at Microsoft.Data.SqlClient.SqlInternalConnectionTds.AttemptOneLogin(ServerInfo serverInfo, String newPassword, SecureString newSecurePassword, TimeoutTimer timeout, Boolean withFailover)
   at Microsoft.Data.SqlClient.SqlInternalConnectionTds.LoginNoFailover(ServerInfo serverInfo, String newPassword, SecureString newSecurePassword, Boolean redirectedUserInstance, SqlConnectionString connectionOptions, SqlCredential credential, TimeoutTimer timeout)
   at Microsoft.Data.SqlClient.SqlInternalConnectionTds.OpenLoginEnlist(TimeoutTimer timeout, SqlConnectionString connectionOptions, SqlCredential credential, String newPassword, SecureString newSecurePassword, Boolean redirectedUserInstance)
   at Microsoft.Data.SqlClient.SqlInternalConnectionTds..ctor(DbConnectionPoolIdentity identity, SqlConnectionString connectionOptions, SqlCredential credential, Object providerInfo, String newPassword, SecureString newSecurePassword, Boolean redirectedUserInstance, SqlConnectionString userConnectionOptions, SessionData reconnectSessionData, Boolean applyTransientFaultHandling, String accessToken, DbConnectionPool pool, Func`3 accessTokenCallback)
   at Microsoft.Data.SqlClient.SqlConnectionFactory.CreateConnection(DbConnectionOptions options, DbConnectionPoolKey poolKey, Object poolGroupProviderInfo, DbConnectionPool pool, DbConnection owningConnection, DbConnectionOptions userOptions)
   at Microsoft.Data.ProviderBase.DbConnectionFactory.CreatePooledConnection(DbConnectionPool pool, DbConnection owningObject, DbConnectionOptions options, DbConnectionPoolKey poolKey, DbConnectionOptions userOptions)
   at Microsoft.Data.ProviderBase.DbConnectionPool.CreateObject(DbConnection owningObject, DbConnectionOptions userOptions, DbConnectionInternal oldConnection)
   at Microsoft.Data.ProviderBase.DbConnectionPool.UserCreateRequest(DbConnection owningObject, DbConnectionOptions userOptions, DbConnectionInternal oldConnection)
   at Microsoft.Data.ProviderBase.DbConnectionPool.TryGetConnection(DbConnection owningObject, UInt32 waitForMultipleObjectsTimeout, Boolean allowCreate, Boolean onlyOneCheckConnection, DbConnectionOptions userOptions, DbConnectionInternal& connection)
   at Microsoft.Data.ProviderBase.DbConnectionPool.WaitForPendingOpen()
--- End of stack trace from previous location ---
   at Dapper.SqlMapper.QueryRowAsync[T](IDbConnection cnn, Row row, Type effectiveType, CommandDefinition command) in /_/Dapper/SqlMapper.Async.cs:line 488
   at Shop.Web.API.Repositories.AuthRepository.GetUserForLoginAsync(String phone) in D:\Projects\WaterCanManagement\shop_claude_backend\Shop.Web.API\Shop.Web.API\Repositories\AuthRepository.cs:line 35
   at Shop.Web.API.Services.AuthService.LoginAsync(LoginRequest req, String ip, String ua) in D:\Projects\WaterCanManagement\shop_claude_backend\Shop.Web.API\Shop.Web.API\Services\AuthService.cs:line 35
   at Shop.Web.API.Controllers.AuthController.Login(LoginRequest req) in D:\Projects\WaterCanManagement\shop_claude_backend\Shop.Web.API\Shop.Web.API\Controllers\AuthController.cs:line 41
   at Microsoft.AspNetCore.Mvc.Infrastructure.ActionMethodExecutor.TaskOfIActionResultExecutor.Execute(ActionContext actionContext, IActionResultTypeMapper mapper, ObjectMethodExecutor executor, Object controller, Object[] arguments)
   at Microsoft.AspNetCore.Mvc.Infrastructure.ControllerActionInvoker.<InvokeActionMethodAsync>g__Awaited|12_0(ControllerActionInvoker invoker, ValueTask`1 actionResultValueTask)
   at Microsoft.AspNetCore.Mvc.Infrastructure.ControllerActionInvoker.<InvokeNextActionFilterAsync>g__Awaited|10_0(ControllerActionInvoker invoker, Task lastTask, State next, Scope scope, Object state, Boolean isCompleted)
   at Microsoft.AspNetCore.Mvc.Infrastructure.ControllerActionInvoker.Rethrow(ActionExecutedContextSealed context)
   at Microsoft.AspNetCore.Mvc.Infrastructure.ControllerActionInvoker.Next(State& next, Scope& scope, Object& state, Boolean& isCompleted)
   at Microsoft.AspNetCore.Mvc.Infrastructure.ControllerActionInvoker.<InvokeInnerFilterAsync>g__Awaited|13_0(ControllerActionInvoker invoker, Task lastTask, State next, Scope scope, Object state, Boolean isCompleted)
   at Microsoft.AspNetCore.Mvc.Infrastructure.ResourceInvoker.<InvokeFilterPipelineAsync>g__Awaited|20_0(ResourceInvoker invoker, Task lastTask, State next, Scope scope, Object state, Boolean isCompleted)
   at Microsoft.AspNetCore.Mvc.Infrastructure.ResourceInvoker.<InvokeAsync>g__Logged|17_1(ResourceInvoker invoker)
   at Microsoft.AspNetCore.Mvc.Infrastructure.ResourceInvoker.<InvokeAsync>g__Logged|17_1(ResourceInvoker invoker)
   at Microsoft.AspNetCore.Routing.EndpointMiddleware.<Invoke>g__AwaitRequestTask|7_0(Endpoint endpoint, Task requestTask, ILogger logger)
   at Microsoft.AspNetCore.Authorization.AuthorizationMiddleware.Invoke(HttpContext context)
   at Microsoft.AspNetCore.Authentication.AuthenticationMiddleware.Invoke(HttpContext context)
   at Shop.Web.API.Middleware.RequestLoggingMiddleware.InvokeAsync(HttpContext ctx) in D:\Projects\WaterCanManagement\shop_claude_backend\Shop.Web.API\Shop.Web.API\Middleware\RequestLoggingMiddleware.cs:line 25
   at Shop.Web.API.Middleware.ExceptionHandlingMiddleware.InvokeAsync(HttpContext ctx) in D:\Projects\WaterCanManagement\shop_claude_backend\Shop.Web.API\Shop.Web.API\Middleware\ExceptionHandlingMiddleware.cs:line 29
ClientConnectionId:00000000-0000-0000-0000-000000000000
Error Number:2,State:0,Class:20
2026-04-03 16:44:51 [INF] Request finished HTTP/1.1 POST https://localhost:7031/api/auth/login - 500 null application/json 41023.8925ms { EventId: { Id: 2 }, SourceContext: "Microsoft.AspNetCore.Hosting.Diagnostics", RequestId: "0HNKHDTIMK7AK:00000001", RequestPath: "/api/auth/login", ConnectionId: "0HNKHDTIMK7AK", Application: "AquaERP.Api" }
2026-04-03 17:19:34 [INF] AquaERP API starting up on Development { Application: "AquaERP.Api" }
2026-04-03 17:19:34 [INF] User profile is available. Using 'C:\Users\Selvaraj\AppData\Local\ASP.NET\DataProtection-Keys' as key repository and Windows DPAPI to encrypt keys at rest. { EventId: { Id: 63, Name: "UsingProfileAsKeyRepositoryWithDPAPI" }, SourceContext: "Microsoft.AspNetCore.DataProtection.KeyManagement.XmlKeyManager", Application: "AquaERP.Api" }
2026-04-03 17:19:34 [INF] Now listening on: https://localhost:7031 { EventId: { Id: 14, Name: "ListeningOnAddress" }, SourceContext: "Microsoft.Hosting.Lifetime", Application: "AquaERP.Api" }
2026-04-03 17:19:34 [INF] Now listening on: http://localhost:5073 { EventId: { Id: 14, Name: "ListeningOnAddress" }, SourceContext: "Microsoft.Hosting.Lifetime", Application: "AquaERP.Api" }
2026-04-03 17:19:34 [INF] Application started. Press Ctrl+C to shut down. { SourceContext: "Microsoft.Hosting.Lifetime", Application: "AquaERP.Api" }
2026-04-03 17:19:34 [INF] Hosting environment: Development { SourceContext: "Microsoft.Hosting.Lifetime", Application: "AquaERP.Api" }
2026-04-03 17:19:34 [INF] Content root path: D:\Projects\WaterCanManagement\shop_claude_backend\Shop.Web.API\Shop.Web.API { SourceContext: "Microsoft.Hosting.Lifetime", Application: "AquaERP.Api" }
2026-04-03 17:19:37 [INF] Request starting HTTP/2 GET https://localhost:7031/scalar/v1 - null null { EventId: { Id: 1 }, SourceContext: "Microsoft.AspNetCore.Hosting.Diagnostics", RequestId: "0HNKHES9LL057:00000001", RequestPath: "/scalar/v1", ConnectionId: "0HNKHES9LL057", Application: "AquaERP.Api" }
2026-04-03 17:19:41 [INF] Executing endpoint 'HTTP: GET /scalar/{documentName?}' { EventId: { Name: "ExecutingEndpoint" }, SourceContext: "Microsoft.AspNetCore.Routing.EndpointMiddleware", RequestId: "0HNKHES9LL057:00000001", RequestPath: "/scalar/v1", ConnectionId: "0HNKHES9LL057", Application: "AquaERP.Api" }
2026-04-03 17:19:41 [INF] Write content with HTTP Response ContentType of text/html { EventId: { Id: 2, Name: "WritingResultAsContent" }, SourceContext: "Microsoft.AspNetCore.Http.Result.ContentResult", RequestId: "0HNKHES9LL057:00000001", RequestPath: "/scalar/v1", ConnectionId: "0HNKHES9LL057", Application: "AquaERP.Api" }
2026-04-03 17:19:42 [INF] Executed endpoint 'HTTP: GET /scalar/{documentName?}' { EventId: { Id: 1, Name: "ExecutedEndpoint" }, SourceContext: "Microsoft.AspNetCore.Routing.EndpointMiddleware", RequestId: "0HNKHES9LL057:00000001", RequestPath: "/scalar/v1", ConnectionId: "0HNKHES9LL057", Application: "AquaERP.Api" }
2026-04-03 17:19:42 [INF] GET /scalar/v1 → 200 in 4246ms | IP: ::1 { SourceContext: "Shop.Web.API.Middleware.RequestLoggingMiddleware", RequestId: "0HNKHES9LL057:00000001", RequestPath: "/scalar/v1", ConnectionId: "0HNKHES9LL057", Application: "AquaERP.Api" }
2026-04-03 17:19:42 [INF] Request starting HTTP/2 GET https://localhost:7031/_framework/aspnetcore-browser-refresh.js - null null { EventId: { Id: 1 }, SourceContext: "Microsoft.AspNetCore.Hosting.Diagnostics", RequestId: "0HNKHES9LL058:00000001", RequestPath: "/_framework/aspnetcore-browser-refresh.js", ConnectionId: "0HNKHES9LL058", Application: "AquaERP.Api" }
2026-04-03 17:19:42 [INF] Request finished HTTP/2 GET https://localhost:7031/scalar/v1 - 200 null text/html 4790.0351ms { EventId: { Id: 2 }, SourceContext: "Microsoft.AspNetCore.Hosting.Diagnostics", RequestId: "0HNKHES9LL057:00000001", RequestPath: "/scalar/v1", ConnectionId: "0HNKHES9LL057", Application: "AquaERP.Api" }
2026-04-03 17:19:42 [INF] Request starting HTTP/2 GET https://localhost:7031/_vs/browserLink - null null { EventId: { Id: 1 }, SourceContext: "Microsoft.AspNetCore.Hosting.Diagnostics", RequestId: "0HNKHES9LL058:00000007", RequestPath: "/_vs/browserLink", ConnectionId: "0HNKHES9LL058", Application: "AquaERP.Api" }
2026-04-03 17:19:42 [INF] Request starting HTTP/2 GET https://localhost:7031/scalar/scalar.js - null null { EventId: { Id: 1 }, SourceContext: "Microsoft.AspNetCore.Hosting.Diagnostics", RequestId: "0HNKHES9LL058:00000005", RequestPath: "/scalar/scalar.js", ConnectionId: "0HNKHES9LL058", Application: "AquaERP.Api" }
2026-04-03 17:19:42 [INF] Request finished HTTP/2 GET https://localhost:7031/_framework/aspnetcore-browser-refresh.js - 200 14929 application/javascript; charset=utf-8 156.6232ms { EventId: { Id: 2 }, SourceContext: "Microsoft.AspNetCore.Hosting.Diagnostics", RequestId: "0HNKHES9LL058:00000001", RequestPath: "/_framework/aspnetcore-browser-refresh.js", ConnectionId: "0HNKHES9LL058", Application: "AquaERP.Api" }
2026-04-03 17:19:42 [INF] Executing endpoint 'HTTP: GET /scalar/scalar.js' { EventId: { Name: "ExecutingEndpoint" }, SourceContext: "Microsoft.AspNetCore.Routing.EndpointMiddleware", RequestId: "0HNKHES9LL058:00000005", RequestPath: "/scalar/scalar.js", ConnectionId: "0HNKHES9LL058", Application: "AquaERP.Api" }
2026-04-03 17:19:42 [INF] Request starting HTTP/2 GET https://localhost:7031/scalar/scalar.aspnetcore.js - null null { EventId: { Id: 1 }, SourceContext: "Microsoft.AspNetCore.Hosting.Diagnostics", RequestId: "0HNKHES9LL058:00000003", RequestPath: "/scalar/scalar.aspnetcore.js", ConnectionId: "0HNKHES9LL058", Application: "AquaERP.Api" }
2026-04-03 17:19:42 [INF] CORS policy execution failed. { EventId: { Id: 5, Name: "PolicyFailure" }, SourceContext: "Microsoft.AspNetCore.Cors.Infrastructure.CorsService", RequestId: "0HNKHES9LL058:00000003", RequestPath: "/scalar/scalar.aspnetcore.js", ConnectionId: "0HNKHES9LL058", Application: "AquaERP.Api" }
2026-04-03 17:19:42 [INF] Sending file with download name ''. { EventId: { Id: 5, Name: "WritingResultAsFileWithNoFileName" }, SourceContext: "Microsoft.AspNetCore.Http.Result.FileStreamResult", RequestId: "0HNKHES9LL058:00000005", RequestPath: "/scalar/scalar.js", ConnectionId: "0HNKHES9LL058", Application: "AquaERP.Api" }
2026-04-03 17:19:42 [INF] Request origin https://localhost:7031 does not have permission to access the resource. { EventId: { Id: 6, Name: "OriginNotAllowed" }, SourceContext: "Microsoft.AspNetCore.Cors.Infrastructure.CorsService", RequestId: "0HNKHES9LL058:00000003", RequestPath: "/scalar/scalar.aspnetcore.js", ConnectionId: "0HNKHES9LL058", Application: "AquaERP.Api" }
2026-04-03 17:19:42 [INF] Executing endpoint 'HTTP: GET /scalar/scalar.aspnetcore.js' { EventId: { Name: "ExecutingEndpoint" }, SourceContext: "Microsoft.AspNetCore.Routing.EndpointMiddleware", RequestId: "0HNKHES9LL058:00000003", RequestPath: "/scalar/scalar.aspnetcore.js", ConnectionId: "0HNKHES9LL058", Application: "AquaERP.Api" }
2026-04-03 17:19:42 [INF] Sending file with download name ''. { EventId: { Id: 5, Name: "WritingResultAsFileWithNoFileName" }, SourceContext: "Microsoft.AspNetCore.Http.Result.FileStreamResult", RequestId: "0HNKHES9LL058:00000003", RequestPath: "/scalar/scalar.aspnetcore.js", ConnectionId: "0HNKHES9LL058", Application: "AquaERP.Api" }
2026-04-03 17:19:42 [INF] Executed endpoint 'HTTP: GET /scalar/scalar.aspnetcore.js' { EventId: { Id: 1, Name: "ExecutedEndpoint" }, SourceContext: "Microsoft.AspNetCore.Routing.EndpointMiddleware", RequestId: "0HNKHES9LL058:00000003", RequestPath: "/scalar/scalar.aspnetcore.js", ConnectionId: "0HNKHES9LL058", Application: "AquaERP.Api" }
2026-04-03 17:19:42 [INF] Executed endpoint 'HTTP: GET /scalar/scalar.js' { EventId: { Id: 1, Name: "ExecutedEndpoint" }, SourceContext: "Microsoft.AspNetCore.Routing.EndpointMiddleware", RequestId: "0HNKHES9LL058:00000005", RequestPath: "/scalar/scalar.js", ConnectionId: "0HNKHES9LL058", Application: "AquaERP.Api" }
2026-04-03 17:19:42 [INF] GET /scalar/scalar.js → 200 in 138ms | IP: ::1 { SourceContext: "Shop.Web.API.Middleware.RequestLoggingMiddleware", RequestId: "0HNKHES9LL058:00000005", RequestPath: "/scalar/scalar.js", ConnectionId: "0HNKHES9LL058", Application: "AquaERP.Api" }
2026-04-03 17:19:42 [INF] GET /scalar/scalar.aspnetcore.js → 200 in 105ms | IP: ::1 { SourceContext: "Shop.Web.API.Middleware.RequestLoggingMiddleware", RequestId: "0HNKHES9LL058:00000003", RequestPath: "/scalar/scalar.aspnetcore.js", ConnectionId: "0HNKHES9LL058", Application: "AquaERP.Api" }
2026-04-03 17:19:42 [INF] Request finished HTTP/2 GET https://localhost:7031/scalar/scalar.aspnetcore.js - 200 1111 text/javascript 376.1295ms { EventId: { Id: 2 }, SourceContext: "Microsoft.AspNetCore.Hosting.Diagnostics", RequestId: "0HNKHES9LL058:00000003", RequestPath: "/scalar/scalar.aspnetcore.js", ConnectionId: "0HNKHES9LL058", Application: "AquaERP.Api" }
2026-04-03 17:19:42 [INF] Request finished HTTP/2 GET https://localhost:7031/scalar/scalar.js - 200 1107503 text/javascript 375.761ms { EventId: { Id: 2 }, SourceContext: "Microsoft.AspNetCore.Hosting.Diagnostics", RequestId: "0HNKHES9LL058:00000005", RequestPath: "/scalar/scalar.js", ConnectionId: "0HNKHES9LL058", Application: "AquaERP.Api" }
2026-04-03 17:19:42 [INF] Request finished HTTP/2 GET https://localhost:7031/_vs/browserLink - 200 null text/javascript; charset=UTF-8 420.5459ms { EventId: { Id: 2 }, SourceContext: "Microsoft.AspNetCore.Hosting.Diagnostics", RequestId: "0HNKHES9LL058:00000007", RequestPath: "/_vs/browserLink", ConnectionId: "0HNKHES9LL058", Application: "AquaERP.Api" }
2026-04-03 17:19:42 [INF] Request starting HTTP/2 GET https://localhost:7031/openapi/v1.json - null null { EventId: { Id: 1 }, SourceContext: "Microsoft.AspNetCore.Hosting.Diagnostics", RequestId: "0HNKHES9LL058:00000009", RequestPath: "/openapi/v1.json", ConnectionId: "0HNKHES9LL058", Application: "AquaERP.Api" }
2026-04-03 17:19:42 [INF] Executing endpoint 'HTTP: GET /openapi/{documentName}.json' { EventId: { Name: "ExecutingEndpoint" }, SourceContext: "Microsoft.AspNetCore.Routing.EndpointMiddleware", RequestId: "0HNKHES9LL058:00000009", RequestPath: "/openapi/v1.json", ConnectionId: "0HNKHES9LL058", Application: "AquaERP.Api" }
2026-04-03 17:19:42 [INF] Executed endpoint 'HTTP: GET /openapi/{documentName}.json' { EventId: { Id: 1, Name: "ExecutedEndpoint" }, SourceContext: "Microsoft.AspNetCore.Routing.EndpointMiddleware", RequestId: "0HNKHES9LL058:00000009", RequestPath: "/openapi/v1.json", ConnectionId: "0HNKHES9LL058", Application: "AquaERP.Api" }
2026-04-03 17:19:42 [INF] GET /openapi/v1.json → 200 in 55ms | IP: ::1 { SourceContext: "Shop.Web.API.Middleware.RequestLoggingMiddleware", RequestId: "0HNKHES9LL058:00000009", RequestPath: "/openapi/v1.json", ConnectionId: "0HNKHES9LL058", Application: "AquaERP.Api" }
2026-04-03 17:19:42 [INF] Request finished HTTP/2 GET https://localhost:7031/openapi/v1.json - 200 null application/json;charset=utf-8 62.7682ms { EventId: { Id: 2 }, SourceContext: "Microsoft.AspNetCore.Hosting.Diagnostics", RequestId: "0HNKHES9LL058:00000009", RequestPath: "/openapi/v1.json", ConnectionId: "0HNKHES9LL058", Application: "AquaERP.Api" }
2026-04-03 17:21:15 [INF] Request starting HTTP/1.1 POST https://localhost:7031/api/auth/login - application/json 44 { EventId: { Id: 1 }, SourceContext: "Microsoft.AspNetCore.Hosting.Diagnostics", RequestId: "0HNKHES9LL059:00000001", RequestPath: "/api/auth/login", ConnectionId: "0HNKHES9LL059", Application: "AquaERP.Api" }
2026-04-03 17:21:15 [INF] CORS policy execution successful. { EventId: { Id: 4, Name: "PolicySuccess" }, SourceContext: "Microsoft.AspNetCore.Cors.Infrastructure.CorsService", RequestId: "0HNKHES9LL059:00000001", RequestPath: "/api/auth/login", ConnectionId: "0HNKHES9LL059", Application: "AquaERP.Api" }
2026-04-03 17:21:15 [INF] Executing endpoint 'Shop.Web.API.Controllers.AuthController.Login (Shop.Web.API)' { EventId: { Name: "ExecutingEndpoint" }, SourceContext: "Microsoft.AspNetCore.Routing.EndpointMiddleware", RequestId: "0HNKHES9LL059:00000001", RequestPath: "/api/auth/login", ConnectionId: "0HNKHES9LL059", Application: "AquaERP.Api" }
2026-04-03 17:21:15 [INF] Route matched with {action = "Login", controller = "Auth"}. Executing controller action with signature System.Threading.Tasks.Task`1[Microsoft.AspNetCore.Mvc.IActionResult] Login(Shop.Web.API.Models.Requests.LoginRequest) on controller Shop.Web.API.Controllers.AuthController (Shop.Web.API). { EventId: { Id: 102, Name: "ControllerActionExecuting" }, SourceContext: "Microsoft.AspNetCore.Mvc.Infrastructure.ControllerActionInvoker", ActionId: "e9fa3b26-98e4-4a03-85ea-bbad454d083c", ActionName: "Shop.Web.API.Controllers.AuthController.Login (Shop.Web.API)", RequestId: "0HNKHES9LL059:00000001", RequestPath: "/api/auth/login", ConnectionId: "0HNKHES9LL059", Application: "AquaERP.Api" }
2026-04-03 17:21:24 [WRN] SP error in GetUserForLogin — Code: 2001, Message: Invalid phone number or password. { SourceContext: "Shop.Web.API.Repositories.AuthRepository", ActionId: "e9fa3b26-98e4-4a03-85ea-bbad454d083c", ActionName: "Shop.Web.API.Controllers.AuthController.Login (Shop.Web.API)", RequestId: "0HNKHES9LL059:00000001", RequestPath: "/api/auth/login", ConnectionId: "0HNKHES9LL059", Application: "AquaERP.Api" }
2026-04-03 17:21:35 [INF] Executed action Shop.Web.API.Controllers.AuthController.Login (Shop.Web.API) in 20149.2016ms { EventId: { Id: 105, Name: "ActionExecuted" }, SourceContext: "Microsoft.AspNetCore.Mvc.Infrastructure.ControllerActionInvoker", RequestId: "0HNKHES9LL059:00000001", RequestPath: "/api/auth/login", ConnectionId: "0HNKHES9LL059", Application: "AquaERP.Api" }
2026-04-03 17:21:35 [INF] Executed endpoint 'Shop.Web.API.Controllers.AuthController.Login (Shop.Web.API)' { EventId: { Id: 1, Name: "ExecutedEndpoint" }, SourceContext: "Microsoft.AspNetCore.Routing.EndpointMiddleware", RequestId: "0HNKHES9LL059:00000001", RequestPath: "/api/auth/login", ConnectionId: "0HNKHES9LL059", Application: "AquaERP.Api" }
2026-04-03 17:21:35 [WRN] Domain exception [SP_2001] on POST /api/auth/login: Invalid phone number or password. { SourceContext: "Shop.Web.API.Middleware.ExceptionHandlingMiddleware", RequestId: "0HNKHES9LL059:00000001", RequestPath: "/api/auth/login", ConnectionId: "0HNKHES9LL059", Application: "AquaERP.Api" }
2026-04-03 17:21:35 [INF] Request finished HTTP/1.1 POST https://localhost:7031/api/auth/login - 400 null application/json 20391.7839ms { EventId: { Id: 2 }, SourceContext: "Microsoft.AspNetCore.Hosting.Diagnostics", RequestId: "0HNKHES9LL059:00000001", RequestPath: "/api/auth/login", ConnectionId: "0HNKHES9LL059", Application: "AquaERP.Api" }
2026-04-03 17:25:05 [INF] Request starting HTTP/1.1 POST https://localhost:7031/api/auth/register - application/json 341 { EventId: { Id: 1 }, SourceContext: "Microsoft.AspNetCore.Hosting.Diagnostics", RequestId: "0HNKHES9LL05A:00000001", RequestPath: "/api/auth/register", ConnectionId: "0HNKHES9LL05A", Application: "AquaERP.Api" }
2026-04-03 17:25:05 [INF] CORS policy execution successful. { EventId: { Id: 4, Name: "PolicySuccess" }, SourceContext: "Microsoft.AspNetCore.Cors.Infrastructure.CorsService", RequestId: "0HNKHES9LL05A:00000001", RequestPath: "/api/auth/register", ConnectionId: "0HNKHES9LL05A", Application: "AquaERP.Api" }
2026-04-03 17:25:05 [INF] Executing endpoint 'Shop.Web.API.Controllers.AuthController.Register (Shop.Web.API)' { EventId: { Name: "ExecutingEndpoint" }, SourceContext: "Microsoft.AspNetCore.Routing.EndpointMiddleware", RequestId: "0HNKHES9LL05A:00000001", RequestPath: "/api/auth/register", ConnectionId: "0HNKHES9LL05A", Application: "AquaERP.Api" }
2026-04-03 17:25:06 [INF] Route matched with {action = "Register", controller = "Auth"}. Executing controller action with signature System.Threading.Tasks.Task`1[Microsoft.AspNetCore.Mvc.IActionResult] Register(Shop.Web.API.Models.Requests.RegisterRequest) on controller Shop.Web.API.Controllers.AuthController (Shop.Web.API). { EventId: { Id: 102, Name: "ControllerActionExecuting" }, SourceContext: "Microsoft.AspNetCore.Mvc.Infrastructure.ControllerActionInvoker", ActionId: "c9734574-cee5-4852-b0da-fa452d36c910", ActionName: "Shop.Web.API.Controllers.AuthController.Register (Shop.Web.API)", RequestId: "0HNKHES9LL05A:00000001", RequestPath: "/api/auth/register", ConnectionId: "0HNKHES9LL05A", Application: "AquaERP.Api" }
2026-04-03 17:25:16 [INF] Executing BadRequestObjectResult, writing value of type 'Shop.Web.API.Models.Responses.ApiResponse`1[[System.Object, System.Private.CoreLib, Version=10.0.0.0, Culture=neutral, PublicKeyToken=7cec85d7bea7798e]]'. { EventId: { Id: 1, Name: "ObjectResultExecuting" }, SourceContext: "Microsoft.AspNetCore.Mvc.Infrastructure.ObjectResultExecutor", ActionId: "c9734574-cee5-4852-b0da-fa452d36c910", ActionName: "Shop.Web.API.Controllers.AuthController.Register (Shop.Web.API)", RequestId: "0HNKHES9LL05A:00000001", RequestPath: "/api/auth/register", ConnectionId: "0HNKHES9LL05A", Application: "AquaERP.Api" }
2026-04-03 17:25:16 [INF] Executed action Shop.Web.API.Controllers.AuthController.Register (Shop.Web.API) in 10354.8906ms { EventId: { Id: 105, Name: "ActionExecuted" }, SourceContext: "Microsoft.AspNetCore.Mvc.Infrastructure.ControllerActionInvoker", RequestId: "0HNKHES9LL05A:00000001", RequestPath: "/api/auth/register", ConnectionId: "0HNKHES9LL05A", Application: "AquaERP.Api" }
2026-04-03 17:25:16 [INF] Executed endpoint 'Shop.Web.API.Controllers.AuthController.Register (Shop.Web.API)' { EventId: { Id: 1, Name: "ExecutedEndpoint" }, SourceContext: "Microsoft.AspNetCore.Routing.EndpointMiddleware", RequestId: "0HNKHES9LL05A:00000001", RequestPath: "/api/auth/register", ConnectionId: "0HNKHES9LL05A", Application: "AquaERP.Api" }
2026-04-03 17:25:16 [INF] POST /api/auth/register → 400 in 10405ms | IP: ::1 { SourceContext: "Shop.Web.API.Middleware.RequestLoggingMiddleware", RequestId: "0HNKHES9LL05A:00000001", RequestPath: "/api/auth/register", ConnectionId: "0HNKHES9LL05A", Application: "AquaERP.Api" }
2026-04-03 17:25:16 [INF] Request finished HTTP/1.1 POST https://localhost:7031/api/auth/register - 400 null application/json; charset=utf-8 10429.663ms { EventId: { Id: 2 }, SourceContext: "Microsoft.AspNetCore.Hosting.Diagnostics", RequestId: "0HNKHES9LL05A:00000001", RequestPath: "/api/auth/register", ConnectionId: "0HNKHES9LL05A", Application: "AquaERP.Api" }
2026-04-03 17:25:34 [INF] Request starting HTTP/1.1 POST https://localhost:7031/api/auth/register - application/json 351 { EventId: { Id: 1 }, SourceContext: "Microsoft.AspNetCore.Hosting.Diagnostics", RequestId: "0HNKHES9LL05B:00000001", RequestPath: "/api/auth/register", ConnectionId: "0HNKHES9LL05B", Application: "AquaERP.Api" }
2026-04-03 17:25:34 [INF] CORS policy execution successful. { EventId: { Id: 4, Name: "PolicySuccess" }, SourceContext: "Microsoft.AspNetCore.Cors.Infrastructure.CorsService", RequestId: "0HNKHES9LL05B:00000001", RequestPath: "/api/auth/register", ConnectionId: "0HNKHES9LL05B", Application: "AquaERP.Api" }
2026-04-03 17:25:34 [INF] Executing endpoint 'Shop.Web.API.Controllers.AuthController.Register (Shop.Web.API)' { EventId: { Name: "ExecutingEndpoint" }, SourceContext: "Microsoft.AspNetCore.Routing.EndpointMiddleware", RequestId: "0HNKHES9LL05B:00000001", RequestPath: "/api/auth/register", ConnectionId: "0HNKHES9LL05B", Application: "AquaERP.Api" }
2026-04-03 17:25:34 [INF] Route matched with {action = "Register", controller = "Auth"}. Executing controller action with signature System.Threading.Tasks.Task`1[Microsoft.AspNetCore.Mvc.IActionResult] Register(Shop.Web.API.Models.Requests.RegisterRequest) on controller Shop.Web.API.Controllers.AuthController (Shop.Web.API). { EventId: { Id: 102, Name: "ControllerActionExecuting" }, SourceContext: "Microsoft.AspNetCore.Mvc.Infrastructure.ControllerActionInvoker", ActionId: "c9734574-cee5-4852-b0da-fa452d36c910", ActionName: "Shop.Web.API.Controllers.AuthController.Register (Shop.Web.API)", RequestId: "0HNKHES9LL05B:00000001", RequestPath: "/api/auth/register", ConnectionId: "0HNKHES9LL05B", Application: "AquaERP.Api" }
2026-04-03 17:26:30 [INF] Register SP success — BusinessAccountId: 1, UserId: 1 { SourceContext: "Shop.Web.API.Repositories.AuthRepository", ActionId: "c9734574-cee5-4852-b0da-fa452d36c910", ActionName: "Shop.Web.API.Controllers.AuthController.Register (Shop.Web.API)", RequestId: "0HNKHES9LL05B:00000001", RequestPath: "/api/auth/register", ConnectionId: "0HNKHES9LL05B", Application: "AquaERP.Api" }
2026-04-03 17:26:36 [INF] New registration — Business: Selva Minerals, Owner: Selvaraj, IP: ::1 { SourceContext: "Shop.Web.API.Services.AuthService", ActionId: "c9734574-cee5-4852-b0da-fa452d36c910", ActionName: "Shop.Web.API.Controllers.AuthController.Register (Shop.Web.API)", RequestId: "0HNKHES9LL05B:00000001", RequestPath: "/api/auth/register", ConnectionId: "0HNKHES9LL05B", Application: "AquaERP.Api" }
2026-04-03 17:26:36 [INF] Executing OkObjectResult, writing value of type 'Shop.Web.API.Models.Responses.ApiResponse`1[[System.Object, System.Private.CoreLib, Version=10.0.0.0, Culture=neutral, PublicKeyToken=7cec85d7bea7798e]]'. { EventId: { Id: 1, Name: "ObjectResultExecuting" }, SourceContext: "Microsoft.AspNetCore.Mvc.Infrastructure.ObjectResultExecutor", ActionId: "c9734574-cee5-4852-b0da-fa452d36c910", ActionName: "Shop.Web.API.Controllers.AuthController.Register (Shop.Web.API)", RequestId: "0HNKHES9LL05B:00000001", RequestPath: "/api/auth/register", ConnectionId: "0HNKHES9LL05B", Application: "AquaERP.Api" }
2026-04-03 17:26:36 [INF] Executed action Shop.Web.API.Controllers.AuthController.Register (Shop.Web.API) in 62276.0707ms { EventId: { Id: 105, Name: "ActionExecuted" }, SourceContext: "Microsoft.AspNetCore.Mvc.Infrastructure.ControllerActionInvoker", RequestId: "0HNKHES9LL05B:00000001", RequestPath: "/api/auth/register", ConnectionId: "0HNKHES9LL05B", Application: "AquaERP.Api" }
2026-04-03 17:26:36 [INF] Executed endpoint 'Shop.Web.API.Controllers.AuthController.Register (Shop.Web.API)' { EventId: { Id: 1, Name: "ExecutedEndpoint" }, SourceContext: "Microsoft.AspNetCore.Routing.EndpointMiddleware", RequestId: "0HNKHES9LL05B:00000001", RequestPath: "/api/auth/register", ConnectionId: "0HNKHES9LL05B", Application: "AquaERP.Api" }
2026-04-03 17:26:36 [INF] POST /api/auth/register → 200 in 62305ms | IP: ::1 { SourceContext: "Shop.Web.API.Middleware.RequestLoggingMiddleware", RequestId: "0HNKHES9LL05B:00000001", RequestPath: "/api/auth/register", ConnectionId: "0HNKHES9LL05B", Application: "AquaERP.Api" }
2026-04-03 17:26:36 [INF] Request finished HTTP/1.1 POST https://localhost:7031/api/auth/register - 200 null application/json; charset=utf-8 62331.466ms { EventId: { Id: 2 }, SourceContext: "Microsoft.AspNetCore.Hosting.Diagnostics", RequestId: "0HNKHES9LL05B:00000001", RequestPath: "/api/auth/register", ConnectionId: "0HNKHES9LL05B", Application: "AquaERP.Api" }
2026-04-03 17:27:28 [INF] Request starting HTTP/1.1 POST https://localhost:7031/api/auth/login - application/json 45 { EventId: { Id: 1 }, SourceContext: "Microsoft.AspNetCore.Hosting.Diagnostics", RequestId: "0HNKHES9LL05C:00000001", RequestPath: "/api/auth/login", ConnectionId: "0HNKHES9LL05C", Application: "AquaERP.Api" }
2026-04-03 17:27:28 [INF] CORS policy execution successful. { EventId: { Id: 4, Name: "PolicySuccess" }, SourceContext: "Microsoft.AspNetCore.Cors.Infrastructure.CorsService", RequestId: "0HNKHES9LL05C:00000001", RequestPath: "/api/auth/login", ConnectionId: "0HNKHES9LL05C", Application: "AquaERP.Api" }
2026-04-03 17:27:28 [INF] Executing endpoint 'Shop.Web.API.Controllers.AuthController.Login (Shop.Web.API)' { EventId: { Name: "ExecutingEndpoint" }, SourceContext: "Microsoft.AspNetCore.Routing.EndpointMiddleware", RequestId: "0HNKHES9LL05C:00000001", RequestPath: "/api/auth/login", ConnectionId: "0HNKHES9LL05C", Application: "AquaERP.Api" }
2026-04-03 17:27:28 [INF] Route matched with {action = "Login", controller = "Auth"}. Executing controller action with signature System.Threading.Tasks.Task`1[Microsoft.AspNetCore.Mvc.IActionResult] Login(Shop.Web.API.Models.Requests.LoginRequest) on controller Shop.Web.API.Controllers.AuthController (Shop.Web.API). { EventId: { Id: 102, Name: "ControllerActionExecuting" }, SourceContext: "Microsoft.AspNetCore.Mvc.Infrastructure.ControllerActionInvoker", ActionId: "e9fa3b26-98e4-4a03-85ea-bbad454d083c", ActionName: "Shop.Web.API.Controllers.AuthController.Login (Shop.Web.API)", RequestId: "0HNKHES9LL05C:00000001", RequestPath: "/api/auth/login", ConnectionId: "0HNKHES9LL05C", Application: "AquaERP.Api" }
2026-04-03 17:28:53 [INF] Login success — UserId: 1, BusinessAccountId: 1, IP: ::1 { SourceContext: "Shop.Web.API.Services.AuthService", ActionId: "e9fa3b26-98e4-4a03-85ea-bbad454d083c", ActionName: "Shop.Web.API.Controllers.AuthController.Login (Shop.Web.API)", RequestId: "0HNKHES9LL05C:00000001", RequestPath: "/api/auth/login", ConnectionId: "0HNKHES9LL05C", Application: "AquaERP.Api" }
2026-04-03 17:29:01 [INF] Executing OkObjectResult, writing value of type 'Shop.Web.API.Models.Responses.ApiResponse`1[[Shop.Web.API.Models.Responses.AuthResponse, Shop.Web.API, Version=1.0.0.0, Culture=neutral, PublicKeyToken=null]]'. { EventId: { Id: 1, Name: "ObjectResultExecuting" }, SourceContext: "Microsoft.AspNetCore.Mvc.Infrastructure.ObjectResultExecutor", ActionId: "e9fa3b26-98e4-4a03-85ea-bbad454d083c", ActionName: "Shop.Web.API.Controllers.AuthController.Login (Shop.Web.API)", RequestId: "0HNKHES9LL05C:00000001", RequestPath: "/api/auth/login", ConnectionId: "0HNKHES9LL05C", Application: "AquaERP.Api" }
2026-04-03 17:29:01 [INF] Executed action Shop.Web.API.Controllers.AuthController.Login (Shop.Web.API) in 93010.3461ms { EventId: { Id: 105, Name: "ActionExecuted" }, SourceContext: "Microsoft.AspNetCore.Mvc.Infrastructure.ControllerActionInvoker", RequestId: "0HNKHES9LL05C:00000001", RequestPath: "/api/auth/login", ConnectionId: "0HNKHES9LL05C", Application: "AquaERP.Api" }
2026-04-03 17:29:01 [INF] Executed endpoint 'Shop.Web.API.Controllers.AuthController.Login (Shop.Web.API)' { EventId: { Id: 1, Name: "ExecutedEndpoint" }, SourceContext: "Microsoft.AspNetCore.Routing.EndpointMiddleware", RequestId: "0HNKHES9LL05C:00000001", RequestPath: "/api/auth/login", ConnectionId: "0HNKHES9LL05C", Application: "AquaERP.Api" }
2026-04-03 17:29:01 [INF] POST /api/auth/login → 200 in 93050ms | IP: ::1 { SourceContext: "Shop.Web.API.Middleware.RequestLoggingMiddleware", RequestId: "0HNKHES9LL05C:00000001", RequestPath: "/api/auth/login", ConnectionId: "0HNKHES9LL05C", Application: "AquaERP.Api" }
2026-04-03 17:29:01 [INF] Request finished HTTP/1.1 POST https://localhost:7031/api/auth/login - 200 null application/json; charset=utf-8 93073.9558ms { EventId: { Id: 2 }, SourceContext: "Microsoft.AspNetCore.Hosting.Diagnostics", RequestId: "0HNKHES9LL05C:00000001", RequestPath: "/api/auth/login", ConnectionId: "0HNKHES9LL05C", Application: "AquaERP.Api" }
2026-04-03 18:10:59 [INF] AquaERP API starting up on Development { Application: "AquaERP.Api" }
2026-04-03 18:11:00 [INF] User profile is available. Using 'C:\Users\Selvaraj\AppData\Local\ASP.NET\DataProtection-Keys' as key repository and Windows DPAPI to encrypt keys at rest. { EventId: { Id: 63, Name: "UsingProfileAsKeyRepositoryWithDPAPI" }, SourceContext: "Microsoft.AspNetCore.DataProtection.KeyManagement.XmlKeyManager", Application: "AquaERP.Api" }
2026-04-03 18:11:01 [INF] Now listening on: https://localhost:7031 { EventId: { Id: 14, Name: "ListeningOnAddress" }, SourceContext: "Microsoft.Hosting.Lifetime", Application: "AquaERP.Api" }
2026-04-03 18:11:01 [INF] Now listening on: http://localhost:5073 { EventId: { Id: 14, Name: "ListeningOnAddress" }, SourceContext: "Microsoft.Hosting.Lifetime", Application: "AquaERP.Api" }
2026-04-03 18:11:01 [INF] Application started. Press Ctrl+C to shut down. { SourceContext: "Microsoft.Hosting.Lifetime", Application: "AquaERP.Api" }
2026-04-03 18:11:01 [INF] Hosting environment: Development { SourceContext: "Microsoft.Hosting.Lifetime", Application: "AquaERP.Api" }
2026-04-03 18:11:01 [INF] Content root path: D:\Projects\WaterCanManagement\shop_claude_backend\Shop.Web.API\Shop.Web.API { SourceContext: "Microsoft.Hosting.Lifetime", Application: "AquaERP.Api" }
2026-04-03 18:11:01 [INF] Request starting HTTP/2 GET https://localhost:7031/scalar/v1 - null null { EventId: { Id: 1 }, SourceContext: "Microsoft.AspNetCore.Hosting.Diagnostics", RequestId: "0HNKHFP1L0STQ:00000001", RequestPath: "/scalar/v1", ConnectionId: "0HNKHFP1L0STQ", Application: "AquaERP.Api" }
2026-04-03 18:11:02 [INF] Executing endpoint 'HTTP: GET /scalar/{documentName?}' { EventId: { Name: "ExecutingEndpoint" }, SourceContext: "Microsoft.AspNetCore.Routing.EndpointMiddleware", RequestId: "0HNKHFP1L0STQ:00000001", RequestPath: "/scalar/v1", ConnectionId: "0HNKHFP1L0STQ", Application: "AquaERP.Api" }
2026-04-03 18:11:03 [INF] Write content with HTTP Response ContentType of text/html { EventId: { Id: 2, Name: "WritingResultAsContent" }, SourceContext: "Microsoft.AspNetCore.Http.Result.ContentResult", RequestId: "0HNKHFP1L0STQ:00000001", RequestPath: "/scalar/v1", ConnectionId: "0HNKHFP1L0STQ", Application: "AquaERP.Api" }
2026-04-03 18:11:03 [INF] Executed endpoint 'HTTP: GET /scalar/{documentName?}' { EventId: { Id: 1, Name: "ExecutedEndpoint" }, SourceContext: "Microsoft.AspNetCore.Routing.EndpointMiddleware", RequestId: "0HNKHFP1L0STQ:00000001", RequestPath: "/scalar/v1", ConnectionId: "0HNKHFP1L0STQ", Application: "AquaERP.Api" }
2026-04-03 18:11:03 [INF] Request starting HTTP/2 GET https://localhost:7031/scalar/scalar.js - null null { EventId: { Id: 1 }, SourceContext: "Microsoft.AspNetCore.Hosting.Diagnostics", RequestId: "0HNKHFP1L0STQ:00000003", RequestPath: "/scalar/scalar.js", ConnectionId: "0HNKHFP1L0STQ", Application: "AquaERP.Api" }
2026-04-03 18:11:03 [INF] Request starting HTTP/2 GET https://localhost:7031/_framework/aspnetcore-browser-refresh.js - null null { EventId: { Id: 1 }, SourceContext: "Microsoft.AspNetCore.Hosting.Diagnostics", RequestId: "0HNKHFP1L0STQ:00000005", RequestPath: "/_framework/aspnetcore-browser-refresh.js", ConnectionId: "0HNKHFP1L0STQ", Application: "AquaERP.Api" }
2026-04-03 18:11:03 [INF] Request starting HTTP/2 GET https://localhost:7031/scalar/scalar.aspnetcore.js - null null { EventId: { Id: 1 }, SourceContext: "Microsoft.AspNetCore.Hosting.Diagnostics", RequestId: "0HNKHFP1L0STQ:00000007", RequestPath: "/scalar/scalar.aspnetcore.js", ConnectionId: "0HNKHFP1L0STQ", Application: "AquaERP.Api" }
2026-04-03 18:11:03 [INF] GET /scalar/v1 → 200 in 1198ms | IP: ::1 { SourceContext: "Shop.Web.API.Middleware.RequestLoggingMiddleware", RequestId: "0HNKHFP1L0STQ:00000001", RequestPath: "/scalar/v1", ConnectionId: "0HNKHFP1L0STQ", Application: "AquaERP.Api" }
2026-04-03 18:11:03 [INF] Executing endpoint 'HTTP: GET /scalar/scalar.js' { EventId: { Name: "ExecutingEndpoint" }, SourceContext: "Microsoft.AspNetCore.Routing.EndpointMiddleware", RequestId: "0HNKHFP1L0STQ:00000003", RequestPath: "/scalar/scalar.js", ConnectionId: "0HNKHFP1L0STQ", Application: "AquaERP.Api" }
2026-04-03 18:11:03 [INF] CORS policy execution failed. { EventId: { Id: 5, Name: "PolicyFailure" }, SourceContext: "Microsoft.AspNetCore.Cors.Infrastructure.CorsService", RequestId: "0HNKHFP1L0STQ:00000007", RequestPath: "/scalar/scalar.aspnetcore.js", ConnectionId: "0HNKHFP1L0STQ", Application: "AquaERP.Api" }
2026-04-03 18:11:03 [INF] Request finished HTTP/2 GET https://localhost:7031/_framework/aspnetcore-browser-refresh.js - 200 14929 application/javascript; charset=utf-8 36.9267ms { EventId: { Id: 2 }, SourceContext: "Microsoft.AspNetCore.Hosting.Diagnostics", RequestId: "0HNKHFP1L0STQ:00000005", RequestPath: "/_framework/aspnetcore-browser-refresh.js", ConnectionId: "0HNKHFP1L0STQ", Application: "AquaERP.Api" }
2026-04-03 18:11:03 [INF] Request origin https://localhost:7031 does not have permission to access the resource. { EventId: { Id: 6, Name: "OriginNotAllowed" }, SourceContext: "Microsoft.AspNetCore.Cors.Infrastructure.CorsService", RequestId: "0HNKHFP1L0STQ:00000007", RequestPath: "/scalar/scalar.aspnetcore.js", ConnectionId: "0HNKHFP1L0STQ", Application: "AquaERP.Api" }
2026-04-03 18:11:03 [INF] Request starting HTTP/2 GET https://localhost:7031/_vs/browserLink - null null { EventId: { Id: 1 }, SourceContext: "Microsoft.AspNetCore.Hosting.Diagnostics", RequestId: "0HNKHFP1L0STQ:00000009", RequestPath: "/_vs/browserLink", ConnectionId: "0HNKHFP1L0STQ", Application: "AquaERP.Api" }
2026-04-03 18:11:03 [INF] Request finished HTTP/2 GET https://localhost:7031/scalar/v1 - 200 null text/html 1622.1641ms { EventId: { Id: 2 }, SourceContext: "Microsoft.AspNetCore.Hosting.Diagnostics", RequestId: "0HNKHFP1L0STQ:00000001", RequestPath: "/scalar/v1", ConnectionId: "0HNKHFP1L0STQ", Application: "AquaERP.Api" }
2026-04-03 18:11:03 [INF] Sending file with download name ''. { EventId: { Id: 5, Name: "WritingResultAsFileWithNoFileName" }, SourceContext: "Microsoft.AspNetCore.Http.Result.FileStreamResult", RequestId: "0HNKHFP1L0STQ:00000003", RequestPath: "/scalar/scalar.js", ConnectionId: "0HNKHFP1L0STQ", Application: "AquaERP.Api" }
2026-04-03 18:11:03 [INF] Executing endpoint 'HTTP: GET /scalar/scalar.aspnetcore.js' { EventId: { Name: "ExecutingEndpoint" }, SourceContext: "Microsoft.AspNetCore.Routing.EndpointMiddleware", RequestId: "0HNKHFP1L0STQ:00000007", RequestPath: "/scalar/scalar.aspnetcore.js", ConnectionId: "0HNKHFP1L0STQ", Application: "AquaERP.Api" }
2026-04-03 18:11:03 [INF] Sending file with download name ''. { EventId: { Id: 5, Name: "WritingResultAsFileWithNoFileName" }, SourceContext: "Microsoft.AspNetCore.Http.Result.FileStreamResult", RequestId: "0HNKHFP1L0STQ:00000007", RequestPath: "/scalar/scalar.aspnetcore.js", ConnectionId: "0HNKHFP1L0STQ", Application: "AquaERP.Api" }
2026-04-03 18:11:03 [INF] Executed endpoint 'HTTP: GET /scalar/scalar.aspnetcore.js' { EventId: { Id: 1, Name: "ExecutedEndpoint" }, SourceContext: "Microsoft.AspNetCore.Routing.EndpointMiddleware", RequestId: "0HNKHFP1L0STQ:00000007", RequestPath: "/scalar/scalar.aspnetcore.js", ConnectionId: "0HNKHFP1L0STQ", Application: "AquaERP.Api" }
2026-04-03 18:11:03 [INF] GET /scalar/scalar.aspnetcore.js → 200 in 112ms | IP: ::1 { SourceContext: "Shop.Web.API.Middleware.RequestLoggingMiddleware", RequestId: "0HNKHFP1L0STQ:00000007", RequestPath: "/scalar/scalar.aspnetcore.js", ConnectionId: "0HNKHFP1L0STQ", Application: "AquaERP.Api" }
2026-04-03 18:11:03 [INF] Executed endpoint 'HTTP: GET /scalar/scalar.js' { EventId: { Id: 1, Name: "ExecutedEndpoint" }, SourceContext: "Microsoft.AspNetCore.Routing.EndpointMiddleware", RequestId: "0HNKHFP1L0STQ:00000003", RequestPath: "/scalar/scalar.js", ConnectionId: "0HNKHFP1L0STQ", Application: "AquaERP.Api" }
2026-04-03 18:11:03 [INF] Request finished HTTP/2 GET https://localhost:7031/scalar/scalar.aspnetcore.js - 200 1111 text/javascript 152.8708ms { EventId: { Id: 2 }, SourceContext: "Microsoft.AspNetCore.Hosting.Diagnostics", RequestId: "0HNKHFP1L0STQ:00000007", RequestPath: "/scalar/scalar.aspnetcore.js", ConnectionId: "0HNKHFP1L0STQ", Application: "AquaERP.Api" }
2026-04-03 18:11:03 [INF] GET /scalar/scalar.js → 200 in 149ms | IP: ::1 { SourceContext: "Shop.Web.API.Middleware.RequestLoggingMiddleware", RequestId: "0HNKHFP1L0STQ:00000003", RequestPath: "/scalar/scalar.js", ConnectionId: "0HNKHFP1L0STQ", Application: "AquaERP.Api" }
2026-04-03 18:11:03 [INF] Request finished HTTP/2 GET https://localhost:7031/_vs/browserLink - 200 null text/javascript; charset=UTF-8 173.3937ms { EventId: { Id: 2 }, SourceContext: "Microsoft.AspNetCore.Hosting.Diagnostics", RequestId: "0HNKHFP1L0STQ:00000009", RequestPath: "/_vs/browserLink", ConnectionId: "0HNKHFP1L0STQ", Application: "AquaERP.Api" }
2026-04-03 18:11:03 [INF] Request finished HTTP/2 GET https://localhost:7031/scalar/scalar.js - 200 1107503 text/javascript 249.2977ms { EventId: { Id: 2 }, SourceContext: "Microsoft.AspNetCore.Hosting.Diagnostics", RequestId: "0HNKHFP1L0STQ:00000003", RequestPath: "/scalar/scalar.js", ConnectionId: "0HNKHFP1L0STQ", Application: "AquaERP.Api" }
2026-04-03 18:11:04 [INF] Request starting HTTP/2 GET https://localhost:7031/openapi/v1.json - null null { EventId: { Id: 1 }, SourceContext: "Microsoft.AspNetCore.Hosting.Diagnostics", RequestId: "0HNKHFP1L0STQ:0000000B", RequestPath: "/openapi/v1.json", ConnectionId: "0HNKHFP1L0STQ", Application: "AquaERP.Api" }
2026-04-03 18:11:04 [INF] Executing endpoint 'HTTP: GET /openapi/{documentName}.json' { EventId: { Name: "ExecutingEndpoint" }, SourceContext: "Microsoft.AspNetCore.Routing.EndpointMiddleware", RequestId: "0HNKHFP1L0STQ:0000000B", RequestPath: "/openapi/v1.json", ConnectionId: "0HNKHFP1L0STQ", Application: "AquaERP.Api" }
2026-04-03 18:11:04 [INF] Executed endpoint 'HTTP: GET /openapi/{documentName}.json' { EventId: { Id: 1, Name: "ExecutedEndpoint" }, SourceContext: "Microsoft.AspNetCore.Routing.EndpointMiddleware", RequestId: "0HNKHFP1L0STQ:0000000B", RequestPath: "/openapi/v1.json", ConnectionId: "0HNKHFP1L0STQ", Application: "AquaERP.Api" }
2026-04-03 18:11:04 [INF] GET /openapi/v1.json → 200 in 81ms | IP: ::1 { SourceContext: "Shop.Web.API.Middleware.RequestLoggingMiddleware", RequestId: "0HNKHFP1L0STQ:0000000B", RequestPath: "/openapi/v1.json", ConnectionId: "0HNKHFP1L0STQ", Application: "AquaERP.Api" }
2026-04-03 18:11:04 [INF] Request finished HTTP/2 GET https://localhost:7031/openapi/v1.json - 200 null application/json;charset=utf-8 107.6075ms { EventId: { Id: 2 }, SourceContext: "Microsoft.AspNetCore.Hosting.Diagnostics", RequestId: "0HNKHFP1L0STQ:0000000B", RequestPath: "/openapi/v1.json", ConnectionId: "0HNKHFP1L0STQ", Application: "AquaERP.Api" }
2026-04-03 18:12:37 [INF] Request starting HTTP/1.1 POST https://localhost:7031/api/auth/login - application/json 43 { EventId: { Id: 1 }, SourceContext: "Microsoft.AspNetCore.Hosting.Diagnostics", RequestId: "0HNKHFP1L0STR:00000001", RequestPath: "/api/auth/login", ConnectionId: "0HNKHFP1L0STR", Application: "AquaERP.Api" }
2026-04-03 18:12:37 [INF] CORS policy execution successful. { EventId: { Id: 4, Name: "PolicySuccess" }, SourceContext: "Microsoft.AspNetCore.Cors.Infrastructure.CorsService", RequestId: "0HNKHFP1L0STR:00000001", RequestPath: "/api/auth/login", ConnectionId: "0HNKHFP1L0STR", Application: "AquaERP.Api" }
2026-04-03 18:12:37 [INF] Executing endpoint 'Shop.Web.API.Controllers.AuthController.Login (Shop.Web.API)' { EventId: { Name: "ExecutingEndpoint" }, SourceContext: "Microsoft.AspNetCore.Routing.EndpointMiddleware", RequestId: "0HNKHFP1L0STR:00000001", RequestPath: "/api/auth/login", ConnectionId: "0HNKHFP1L0STR", Application: "AquaERP.Api" }
2026-04-03 18:12:37 [INF] Route matched with {action = "Login", controller = "Auth"}. Executing controller action with signature System.Threading.Tasks.Task`1[Microsoft.AspNetCore.Mvc.IActionResult] Login(Shop.Web.API.Models.Requests.LoginRequest) on controller Shop.Web.API.Controllers.AuthController (Shop.Web.API). { EventId: { Id: 102, Name: "ControllerActionExecuting" }, SourceContext: "Microsoft.AspNetCore.Mvc.Infrastructure.ControllerActionInvoker", ActionId: "3b5cad2a-a72a-4857-831c-5b1c39d4900f", ActionName: "Shop.Web.API.Controllers.AuthController.Login (Shop.Web.API)", RequestId: "0HNKHFP1L0STR:00000001", RequestPath: "/api/auth/login", ConnectionId: "0HNKHFP1L0STR", Application: "AquaERP.Api" }
2026-04-03 18:12:42 [WRN] SP error in GetUserForLogin — Code: 2001, Message: Invalid phone number or password. { SourceContext: "Shop.Web.API.Repositories.AuthRepository", ActionId: "3b5cad2a-a72a-4857-831c-5b1c39d4900f", ActionName: "Shop.Web.API.Controllers.AuthController.Login (Shop.Web.API)", RequestId: "0HNKHFP1L0STR:00000001", RequestPath: "/api/auth/login", ConnectionId: "0HNKHFP1L0STR", Application: "AquaERP.Api" }
2026-04-03 18:12:46 [INF] Executed action Shop.Web.API.Controllers.AuthController.Login (Shop.Web.API) in 8072.6097ms { EventId: { Id: 105, Name: "ActionExecuted" }, SourceContext: "Microsoft.AspNetCore.Mvc.Infrastructure.ControllerActionInvoker", RequestId: "0HNKHFP1L0STR:00000001", RequestPath: "/api/auth/login", ConnectionId: "0HNKHFP1L0STR", Application: "AquaERP.Api" }
2026-04-03 18:12:46 [INF] Executed endpoint 'Shop.Web.API.Controllers.AuthController.Login (Shop.Web.API)' { EventId: { Id: 1, Name: "ExecutedEndpoint" }, SourceContext: "Microsoft.AspNetCore.Routing.EndpointMiddleware", RequestId: "0HNKHFP1L0STR:00000001", RequestPath: "/api/auth/login", ConnectionId: "0HNKHFP1L0STR", Application: "AquaERP.Api" }
2026-04-03 18:12:46 [WRN] Domain exception [SP_2001] on POST /api/auth/login: Invalid phone number or password. { SourceContext: "Shop.Web.API.Middleware.ExceptionHandlingMiddleware", RequestId: "0HNKHFP1L0STR:00000001", RequestPath: "/api/auth/login", ConnectionId: "0HNKHFP1L0STR", Application: "AquaERP.Api" }
2026-04-03 18:12:46 [INF] Request finished HTTP/1.1 POST https://localhost:7031/api/auth/login - 400 null application/json 8298.0453ms { EventId: { Id: 2 }, SourceContext: "Microsoft.AspNetCore.Hosting.Diagnostics", RequestId: "0HNKHFP1L0STR:00000001", RequestPath: "/api/auth/login", ConnectionId: "0HNKHFP1L0STR", Application: "AquaERP.Api" }
2026-04-03 18:12:50 [INF] Request starting HTTP/1.1 POST https://localhost:7031/api/auth/login - application/json 44 { EventId: { Id: 1 }, SourceContext: "Microsoft.AspNetCore.Hosting.Diagnostics", RequestId: "0HNKHFP1L0STS:00000001", RequestPath: "/api/auth/login", ConnectionId: "0HNKHFP1L0STS", Application: "AquaERP.Api" }
2026-04-03 18:12:50 [INF] CORS policy execution successful. { EventId: { Id: 4, Name: "PolicySuccess" }, SourceContext: "Microsoft.AspNetCore.Cors.Infrastructure.CorsService", RequestId: "0HNKHFP1L0STS:00000001", RequestPath: "/api/auth/login", ConnectionId: "0HNKHFP1L0STS", Application: "AquaERP.Api" }
2026-04-03 18:12:50 [INF] Executing endpoint 'Shop.Web.API.Controllers.AuthController.Login (Shop.Web.API)' { EventId: { Name: "ExecutingEndpoint" }, SourceContext: "Microsoft.AspNetCore.Routing.EndpointMiddleware", RequestId: "0HNKHFP1L0STS:00000001", RequestPath: "/api/auth/login", ConnectionId: "0HNKHFP1L0STS", Application: "AquaERP.Api" }
2026-04-03 18:12:50 [INF] Route matched with {action = "Login", controller = "Auth"}. Executing controller action with signature System.Threading.Tasks.Task`1[Microsoft.AspNetCore.Mvc.IActionResult] Login(Shop.Web.API.Models.Requests.LoginRequest) on controller Shop.Web.API.Controllers.AuthController (Shop.Web.API). { EventId: { Id: 102, Name: "ControllerActionExecuting" }, SourceContext: "Microsoft.AspNetCore.Mvc.Infrastructure.ControllerActionInvoker", ActionId: "3b5cad2a-a72a-4857-831c-5b1c39d4900f", ActionName: "Shop.Web.API.Controllers.AuthController.Login (Shop.Web.API)", RequestId: "0HNKHFP1L0STS:00000001", RequestPath: "/api/auth/login", ConnectionId: "0HNKHFP1L0STS", Application: "AquaERP.Api" }
2026-04-03 18:12:51 [WRN] SP error in GetUserForLogin — Code: 2001, Message: Invalid phone number or password. { SourceContext: "Shop.Web.API.Repositories.AuthRepository", ActionId: "3b5cad2a-a72a-4857-831c-5b1c39d4900f", ActionName: "Shop.Web.API.Controllers.AuthController.Login (Shop.Web.API)", RequestId: "0HNKHFP1L0STS:00000001", RequestPath: "/api/auth/login", ConnectionId: "0HNKHFP1L0STS", Application: "AquaERP.Api" }
2026-04-03 18:12:53 [INF] Executed action Shop.Web.API.Controllers.AuthController.Login (Shop.Web.API) in 3525.6381ms { EventId: { Id: 105, Name: "ActionExecuted" }, SourceContext: "Microsoft.AspNetCore.Mvc.Infrastructure.ControllerActionInvoker", RequestId: "0HNKHFP1L0STS:00000001", RequestPath: "/api/auth/login", ConnectionId: "0HNKHFP1L0STS", Application: "AquaERP.Api" }
2026-04-03 18:12:53 [INF] Executed endpoint 'Shop.Web.API.Controllers.AuthController.Login (Shop.Web.API)' { EventId: { Id: 1, Name: "ExecutedEndpoint" }, SourceContext: "Microsoft.AspNetCore.Routing.EndpointMiddleware", RequestId: "0HNKHFP1L0STS:00000001", RequestPath: "/api/auth/login", ConnectionId: "0HNKHFP1L0STS", Application: "AquaERP.Api" }
2026-04-03 18:12:53 [WRN] Domain exception [SP_2001] on POST /api/auth/login: Invalid phone number or password. { SourceContext: "Shop.Web.API.Middleware.ExceptionHandlingMiddleware", RequestId: "0HNKHFP1L0STS:00000001", RequestPath: "/api/auth/login", ConnectionId: "0HNKHFP1L0STS", Application: "AquaERP.Api" }
2026-04-03 18:12:53 [INF] Request finished HTTP/1.1 POST https://localhost:7031/api/auth/login - 400 null application/json 3647.0656ms { EventId: { Id: 2 }, SourceContext: "Microsoft.AspNetCore.Hosting.Diagnostics", RequestId: "0HNKHFP1L0STS:00000001", RequestPath: "/api/auth/login", ConnectionId: "0HNKHFP1L0STS", Application: "AquaERP.Api" }
2026-04-03 18:14:00 [INF] Request starting HTTP/1.1 POST https://localhost:7031/api/auth/login - application/json 45 { EventId: { Id: 1 }, SourceContext: "Microsoft.AspNetCore.Hosting.Diagnostics", RequestId: "0HNKHFP1L0STT:00000001", RequestPath: "/api/auth/login", ConnectionId: "0HNKHFP1L0STT", Application: "AquaERP.Api" }
2026-04-03 18:14:00 [INF] CORS policy execution successful. { EventId: { Id: 4, Name: "PolicySuccess" }, SourceContext: "Microsoft.AspNetCore.Cors.Infrastructure.CorsService", RequestId: "0HNKHFP1L0STT:00000001", RequestPath: "/api/auth/login", ConnectionId: "0HNKHFP1L0STT", Application: "AquaERP.Api" }
2026-04-03 18:14:00 [INF] Executing endpoint 'Shop.Web.API.Controllers.AuthController.Login (Shop.Web.API)' { EventId: { Name: "ExecutingEndpoint" }, SourceContext: "Microsoft.AspNetCore.Routing.EndpointMiddleware", RequestId: "0HNKHFP1L0STT:00000001", RequestPath: "/api/auth/login", ConnectionId: "0HNKHFP1L0STT", Application: "AquaERP.Api" }
2026-04-03 18:14:00 [INF] Route matched with {action = "Login", controller = "Auth"}. Executing controller action with signature System.Threading.Tasks.Task`1[Microsoft.AspNetCore.Mvc.IActionResult] Login(Shop.Web.API.Models.Requests.LoginRequest) on controller Shop.Web.API.Controllers.AuthController (Shop.Web.API). { EventId: { Id: 102, Name: "ControllerActionExecuting" }, SourceContext: "Microsoft.AspNetCore.Mvc.Infrastructure.ControllerActionInvoker", ActionId: "3b5cad2a-a72a-4857-831c-5b1c39d4900f", ActionName: "Shop.Web.API.Controllers.AuthController.Login (Shop.Web.API)", RequestId: "0HNKHFP1L0STT:00000001", RequestPath: "/api/auth/login", ConnectionId: "0HNKHFP1L0STT", Application: "AquaERP.Api" }
2026-04-03 18:14:02 [INF] Login success — UserId: 1, BusinessAccountId: 1, IP: ::1 { SourceContext: "Shop.Web.API.Services.AuthService", ActionId: "3b5cad2a-a72a-4857-831c-5b1c39d4900f", ActionName: "Shop.Web.API.Controllers.AuthController.Login (Shop.Web.API)", RequestId: "0HNKHFP1L0STT:00000001", RequestPath: "/api/auth/login", ConnectionId: "0HNKHFP1L0STT", Application: "AquaERP.Api" }
2026-04-03 18:14:02 [INF] Executing OkObjectResult, writing value of type 'Shop.Web.API.Models.Responses.ApiResponse`1[[Shop.Web.API.Models.Responses.AuthResponse, Shop.Web.API, Version=1.0.0.0, Culture=neutral, PublicKeyToken=null]]'. { EventId: { Id: 1, Name: "ObjectResultExecuting" }, SourceContext: "Microsoft.AspNetCore.Mvc.Infrastructure.ObjectResultExecutor", ActionId: "3b5cad2a-a72a-4857-831c-5b1c39d4900f", ActionName: "Shop.Web.API.Controllers.AuthController.Login (Shop.Web.API)", RequestId: "0HNKHFP1L0STT:00000001", RequestPath: "/api/auth/login", ConnectionId: "0HNKHFP1L0STT", Application: "AquaERP.Api" }
2026-04-03 18:14:03 [INF] Executed action Shop.Web.API.Controllers.AuthController.Login (Shop.Web.API) in 2667.4346ms { EventId: { Id: 105, Name: "ActionExecuted" }, SourceContext: "Microsoft.AspNetCore.Mvc.Infrastructure.ControllerActionInvoker", RequestId: "0HNKHFP1L0STT:00000001", RequestPath: "/api/auth/login", ConnectionId: "0HNKHFP1L0STT", Application: "AquaERP.Api" }
2026-04-03 18:14:03 [INF] Executed endpoint 'Shop.Web.API.Controllers.AuthController.Login (Shop.Web.API)' { EventId: { Id: 1, Name: "ExecutedEndpoint" }, SourceContext: "Microsoft.AspNetCore.Routing.EndpointMiddleware", RequestId: "0HNKHFP1L0STT:00000001", RequestPath: "/api/auth/login", ConnectionId: "0HNKHFP1L0STT", Application: "AquaERP.Api" }
2026-04-03 18:14:03 [INF] POST /api/auth/login → 200 in 2693ms | IP: ::1 { SourceContext: "Shop.Web.API.Middleware.RequestLoggingMiddleware", RequestId: "0HNKHFP1L0STT:00000001", RequestPath: "/api/auth/login", ConnectionId: "0HNKHFP1L0STT", Application: "AquaERP.Api" }
2026-04-03 18:14:03 [INF] Request finished HTTP/1.1 POST https://localhost:7031/api/auth/login - 200 null application/json; charset=utf-8 2704.7262ms { EventId: { Id: 2 }, SourceContext: "Microsoft.AspNetCore.Hosting.Diagnostics", RequestId: "0HNKHFP1L0STT:00000001", RequestPath: "/api/auth/login", ConnectionId: "0HNKHFP1L0STT", Application: "AquaERP.Api" }
2026-04-03 18:14:39 [INF] Request starting HTTP/1.1 POST https://localhost:7031/api/auth/logout - application/json 2 { EventId: { Id: 1 }, SourceContext: "Microsoft.AspNetCore.Hosting.Diagnostics", RequestId: "0HNKHFP1L0STU:00000001", RequestPath: "/api/auth/logout", ConnectionId: "0HNKHFP1L0STU", Application: "AquaERP.Api" }
2026-04-03 18:14:39 [INF] CORS policy execution successful. { EventId: { Id: 4, Name: "PolicySuccess" }, SourceContext: "Microsoft.AspNetCore.Cors.Infrastructure.CorsService", RequestId: "0HNKHFP1L0STU:00000001", RequestPath: "/api/auth/logout", ConnectionId: "0HNKHFP1L0STU", Application: "AquaERP.Api" }
2026-04-03 18:14:39 [INF] Executing endpoint 'Shop.Web.API.Controllers.AuthController.Logout (Shop.Web.API)' { EventId: { Name: "ExecutingEndpoint" }, SourceContext: "Microsoft.AspNetCore.Routing.EndpointMiddleware", RequestId: "0HNKHFP1L0STU:00000001", RequestPath: "/api/auth/logout", ConnectionId: "0HNKHFP1L0STU", Application: "AquaERP.Api" }
2026-04-03 18:14:39 [INF] Route matched with {action = "Logout", controller = "Auth"}. Executing controller action with signature System.Threading.Tasks.Task`1[Microsoft.AspNetCore.Mvc.IActionResult] Logout() on controller Shop.Web.API.Controllers.AuthController (Shop.Web.API). { EventId: { Id: 102, Name: "ControllerActionExecuting" }, SourceContext: "Microsoft.AspNetCore.Mvc.Infrastructure.ControllerActionInvoker", ActionId: "ad9b4020-91d0-4606-8dd0-2062c34b893f", ActionName: "Shop.Web.API.Controllers.AuthController.Logout (Shop.Web.API)", RequestId: "0HNKHFP1L0STU:00000001", RequestPath: "/api/auth/logout", ConnectionId: "0HNKHFP1L0STU", Application: "AquaERP.Api" }
2026-04-03 18:14:39 [INF] Logout — UserId: 1, IP: ::1 { SourceContext: "Shop.Web.API.Services.AuthService", ActionId: "ad9b4020-91d0-4606-8dd0-2062c34b893f", ActionName: "Shop.Web.API.Controllers.AuthController.Logout (Shop.Web.API)", RequestId: "0HNKHFP1L0STU:00000001", RequestPath: "/api/auth/logout", ConnectionId: "0HNKHFP1L0STU", Application: "AquaERP.Api" }
2026-04-03 18:14:39 [INF] Executing OkObjectResult, writing value of type 'Shop.Web.API.Models.Responses.ApiResponse`1[[System.Object, System.Private.CoreLib, Version=10.0.0.0, Culture=neutral, PublicKeyToken=7cec85d7bea7798e]]'. { EventId: { Id: 1, Name: "ObjectResultExecuting" }, SourceContext: "Microsoft.AspNetCore.Mvc.Infrastructure.ObjectResultExecutor", ActionId: "ad9b4020-91d0-4606-8dd0-2062c34b893f", ActionName: "Shop.Web.API.Controllers.AuthController.Logout (Shop.Web.API)", RequestId: "0HNKHFP1L0STU:00000001", RequestPath: "/api/auth/logout", ConnectionId: "0HNKHFP1L0STU", Application: "AquaERP.Api" }
2026-04-03 18:14:39 [INF] Executed action Shop.Web.API.Controllers.AuthController.Logout (Shop.Web.API) in 258.0798ms { EventId: { Id: 105, Name: "ActionExecuted" }, SourceContext: "Microsoft.AspNetCore.Mvc.Infrastructure.ControllerActionInvoker", RequestId: "0HNKHFP1L0STU:00000001", RequestPath: "/api/auth/logout", ConnectionId: "0HNKHFP1L0STU", Application: "AquaERP.Api" }
2026-04-03 18:14:39 [INF] Executed endpoint 'Shop.Web.API.Controllers.AuthController.Logout (Shop.Web.API)' { EventId: { Id: 1, Name: "ExecutedEndpoint" }, SourceContext: "Microsoft.AspNetCore.Routing.EndpointMiddleware", RequestId: "0HNKHFP1L0STU:00000001", RequestPath: "/api/auth/logout", ConnectionId: "0HNKHFP1L0STU", Application: "AquaERP.Api" }
2026-04-03 18:14:39 [INF] POST /api/auth/logout → 200 in 469ms | IP: ::1 { SourceContext: "Shop.Web.API.Middleware.RequestLoggingMiddleware", RequestId: "0HNKHFP1L0STU:00000001", RequestPath: "/api/auth/logout", ConnectionId: "0HNKHFP1L0STU", Application: "AquaERP.Api" }
2026-04-03 18:14:39 [INF] Request finished HTTP/1.1 POST https://localhost:7031/api/auth/logout - 200 null application/json; charset=utf-8 494.1502ms { EventId: { Id: 2 }, SourceContext: "Microsoft.AspNetCore.Hosting.Diagnostics", RequestId: "0HNKHFP1L0STU:00000001", RequestPath: "/api/auth/logout", ConnectionId: "0HNKHFP1L0STU", Application: "AquaERP.Api" }
2026-04-03 18:31:13 [INF] Request starting HTTP/1.1 POST https://localhost:7031/api/auth/login - application/json 45 { EventId: { Id: 1 }, SourceContext: "Microsoft.AspNetCore.Hosting.Diagnostics", RequestId: "0HNKHFP1L0STV:00000001", RequestPath: "/api/auth/login", ConnectionId: "0HNKHFP1L0STV", Application: "AquaERP.Api" }
2026-04-03 18:31:13 [INF] CORS policy execution successful. { EventId: { Id: 4, Name: "PolicySuccess" }, SourceContext: "Microsoft.AspNetCore.Cors.Infrastructure.CorsService", RequestId: "0HNKHFP1L0STV:00000001", RequestPath: "/api/auth/login", ConnectionId: "0HNKHFP1L0STV", Application: "AquaERP.Api" }
2026-04-03 18:31:13 [INF] Executing endpoint 'Shop.Web.API.Controllers.AuthController.Login (Shop.Web.API)' { EventId: { Name: "ExecutingEndpoint" }, SourceContext: "Microsoft.AspNetCore.Routing.EndpointMiddleware", RequestId: "0HNKHFP1L0STV:00000001", RequestPath: "/api/auth/login", ConnectionId: "0HNKHFP1L0STV", Application: "AquaERP.Api" }
2026-04-03 18:31:13 [INF] Route matched with {action = "Login", controller = "Auth"}. Executing controller action with signature System.Threading.Tasks.Task`1[Microsoft.AspNetCore.Mvc.IActionResult] Login(Shop.Web.API.Models.Requests.LoginRequest) on controller Shop.Web.API.Controllers.AuthController (Shop.Web.API). { EventId: { Id: 102, Name: "ControllerActionExecuting" }, SourceContext: "Microsoft.AspNetCore.Mvc.Infrastructure.ControllerActionInvoker", ActionId: "3b5cad2a-a72a-4857-831c-5b1c39d4900f", ActionName: "Shop.Web.API.Controllers.AuthController.Login (Shop.Web.API)", RequestId: "0HNKHFP1L0STV:00000001", RequestPath: "/api/auth/login", ConnectionId: "0HNKHFP1L0STV", Application: "AquaERP.Api" }
2026-04-03 18:31:17 [INF] Login success — UserId: 1, BusinessAccountId: 1, IP: ::1 { SourceContext: "Shop.Web.API.Services.AuthService", ActionId: "3b5cad2a-a72a-4857-831c-5b1c39d4900f", ActionName: "Shop.Web.API.Controllers.AuthController.Login (Shop.Web.API)", RequestId: "0HNKHFP1L0STV:00000001", RequestPath: "/api/auth/login", ConnectionId: "0HNKHFP1L0STV", Application: "AquaERP.Api" }
2026-04-03 18:31:17 [INF] Executing OkObjectResult, writing value of type 'Shop.Web.API.Models.Responses.ApiResponse`1[[Shop.Web.API.Models.Responses.AuthResponse, Shop.Web.API, Version=1.0.0.0, Culture=neutral, PublicKeyToken=null]]'. { EventId: { Id: 1, Name: "ObjectResultExecuting" }, SourceContext: "Microsoft.AspNetCore.Mvc.Infrastructure.ObjectResultExecutor", ActionId: "3b5cad2a-a72a-4857-831c-5b1c39d4900f", ActionName: "Shop.Web.API.Controllers.AuthController.Login (Shop.Web.API)", RequestId: "0HNKHFP1L0STV:00000001", RequestPath: "/api/auth/login", ConnectionId: "0HNKHFP1L0STV", Application: "AquaERP.Api" }
2026-04-03 18:31:17 [INF] Executed action Shop.Web.API.Controllers.AuthController.Login (Shop.Web.API) in 4110.7981ms { EventId: { Id: 105, Name: "ActionExecuted" }, SourceContext: "Microsoft.AspNetCore.Mvc.Infrastructure.ControllerActionInvoker", RequestId: "0HNKHFP1L0STV:00000001", RequestPath: "/api/auth/login", ConnectionId: "0HNKHFP1L0STV", Application: "AquaERP.Api" }
2026-04-03 18:31:17 [INF] Executed endpoint 'Shop.Web.API.Controllers.AuthController.Login (Shop.Web.API)' { EventId: { Id: 1, Name: "ExecutedEndpoint" }, SourceContext: "Microsoft.AspNetCore.Routing.EndpointMiddleware", RequestId: "0HNKHFP1L0STV:00000001", RequestPath: "/api/auth/login", ConnectionId: "0HNKHFP1L0STV", Application: "AquaERP.Api" }
2026-04-03 18:31:17 [INF] POST /api/auth/login → 200 in 4129ms | IP: ::1 { SourceContext: "Shop.Web.API.Middleware.RequestLoggingMiddleware", RequestId: "0HNKHFP1L0STV:00000001", RequestPath: "/api/auth/login", ConnectionId: "0HNKHFP1L0STV", Application: "AquaERP.Api" }
2026-04-03 18:31:17 [INF] Request finished HTTP/1.1 POST https://localhost:7031/api/auth/login - 200 null application/json; charset=utf-8 4151.6726ms { EventId: { Id: 2 }, SourceContext: "Microsoft.AspNetCore.Hosting.Diagnostics", RequestId: "0HNKHFP1L0STV:00000001", RequestPath: "/api/auth/login", ConnectionId: "0HNKHFP1L0STV", Application: "AquaERP.Api" }
